

--insert into PROJECT.BIBLIOTECA (COD_BIB, NOME, ENDERECO) values ('459567487', 'Shufflester', '26970 Morningstar Hill');
--insert into PROJECT.BIBLIOTECA (COD_BIB, NOME, ENDERECO) values ('489839364', 'Meejo', '9 Maryland Park');

--insert into PROJECT.EDITORA (COD_EDITORA, NOME, ENDERECO, TELEFONE) values ('425594255', 'Kimia', '802 Corry Way', '864463745');
--insert into PROJECT.EDITORA (COD_EDITORA, NOME, ENDERECO, TELEFONE) values ('476804744', 'Trilith', '809 Continental Hill', '871555306');
--insert into PROJECT.EDITORA (COD_EDITORA, NOME, ENDERECO, TELEFONE) values ('697620551', 'Zoomdog', '45 Division Place', '161352109');
--insert into PROJECT.EDITORA (COD_EDITORA, NOME, ENDERECO, TELEFONE) values ('530032174', 'Edgeblab', '5 Messerschmidt Circle', '220436327');
--insert into PROJECT.EDITORA (COD_EDITORA, NOME, ENDERECO, TELEFONE) values ('811171250', 'Jabbertype', '19 Vermont Park', '866577183');
--insert into PROJECT.EDITORA (COD_EDITORA, NOME, ENDERECO, TELEFONE) values ('601876949', 'Thoughtsphere', '80 Corry Trail', '155184876');
--insert into PROJECT.EDITORA (COD_EDITORA, NOME, ENDERECO, TELEFONE) values ('332595421', 'Zoomdog', '532 Cordelia Pass', '498674594');
--insert into PROJECT.EDITORA (COD_EDITORA, NOME, ENDERECO, TELEFONE) values ('896791081', 'Mycat', '203 Elgar Terrace', '903741259');
--insert into PROJECT.EDITORA (COD_EDITORA, NOME, ENDERECO, TELEFONE) values ('815034592', 'Blogpad', '25019 Green Ridge Road', '316986877');
--insert into PROJECT.EDITORA (COD_EDITORA, NOME, ENDERECO, TELEFONE) values ('182524111', 'Vitz', '70108 Warrior Crossing', '325270136');
--insert into PROJECT.EDITORA (COD_EDITORA, NOME, ENDERECO, TELEFONE) values ('467727971', 'Katz', '35375 Marquette Circle', '203738747');
--insert into PROJECT.EDITORA (COD_EDITORA, NOME, ENDERECO, TELEFONE) values ('323204689', 'Gabtune', '7127 Eggendart Way', '162101375');
--insert into PROJECT.EDITORA (COD_EDITORA, NOME, ENDERECO, TELEFONE) values ('403852746', 'Dabshots', '5159 Sutherland Circle', '669197794');
--insert into PROJECT.EDITORA (COD_EDITORA, NOME, ENDERECO, TELEFONE) values ('282214846', 'Pixonyx', '708 Elka Place', '571638078');
--insert into PROJECT.EDITORA (COD_EDITORA, NOME, ENDERECO, TELEFONE) values ('974012405', 'Mydeo', '626 Michigan Circle', '910460262');
--insert into PROJECT.EDITORA (COD_EDITORA, NOME, ENDERECO, TELEFONE) values ('997491239', 'Camido', '1271 Coleman Place', '666310557');
--insert into PROJECT.EDITORA (COD_EDITORA, NOME, ENDERECO, TELEFONE) values ('167943717', 'Eayo', '0 Melrose Circle', '332219077');
--insert into PROJECT.EDITORA (COD_EDITORA, NOME, ENDERECO, TELEFONE) values ('299025989', 'Skynoodle', '72850 Hagan Parkway', '396507342');
--insert into PROJECT.EDITORA (COD_EDITORA, NOME, ENDERECO, TELEFONE) values ('200168965', 'Photobug', '911 Susan Parkway', '546404998');
--insert into PROJECT.EDITORA (COD_EDITORA, NOME, ENDERECO, TELEFONE) values ('177309404', 'Ntags', '9 Vahlen Alley', '113737065');

--insert into PROJECT.FABRICANTE (COD_FABRICANTE, FABRICANTE, ENDERECO, TELEFONE) values ('790618733', 'Mudo', '044 Corben Street', '874290856');
--insert into PROJECT.FABRICANTE (COD_FABRICANTE, FABRICANTE, ENDERECO, TELEFONE) values ('526219895', 'Skivee', '0183 Victoria Trail', '858107136');
--insert into PROJECT.FABRICANTE (COD_FABRICANTE, FABRICANTE, ENDERECO, TELEFONE) values ('215556991', 'Lazz', '65990 Arizona Pass', '989828303');
--insert into PROJECT.FABRICANTE (COD_FABRICANTE, FABRICANTE, ENDERECO, TELEFONE) values ('302240742', 'Plajo', '9767 Pepper Wood Street', '866202195');
--insert into PROJECT.FABRICANTE (COD_FABRICANTE, FABRICANTE, ENDERECO, TELEFONE) values ('520517617', 'Oyonder', '850 5th Place', '267185900');
--insert into PROJECT.FABRICANTE (COD_FABRICANTE, FABRICANTE, ENDERECO, TELEFONE) values ('623751718', 'Photobug', '90860 Blaine Court', '365597849');
--insert into PROJECT.FABRICANTE (COD_FABRICANTE, FABRICANTE, ENDERECO, TELEFONE) values ('855076671', 'Riffwire', '02 Moose Road', '137635131');
--insert into PROJECT.FABRICANTE (COD_FABRICANTE, FABRICANTE, ENDERECO, TELEFONE) values ('174590652', 'Skinte', '15250 Charing Cross Circle', '470994336');
--insert into PROJECT.FABRICANTE (COD_FABRICANTE, FABRICANTE, ENDERECO, TELEFONE) values ('222605031', 'Pixope', '80180 Dahle Parkway', '294438015');
--insert into PROJECT.FABRICANTE (COD_FABRICANTE, FABRICANTE, ENDERECO, TELEFONE) values ('570499148', 'Yakidoo', '231 Becker Circle', '551272977');
--insert into PROJECT.FABRICANTE (COD_FABRICANTE, FABRICANTE, ENDERECO, TELEFONE) values ('348826538', 'Flashdog', '966 Weeping Birch Road', '678596009');
--insert into PROJECT.FABRICANTE (COD_FABRICANTE, FABRICANTE, ENDERECO, TELEFONE) values ('216803344', 'Voomm', '9 Golf View Circle', '999114715');
--insert into PROJECT.FABRICANTE (COD_FABRICANTE, FABRICANTE, ENDERECO, TELEFONE) values ('284148830', 'Lajo', '2 Manufacturers Avenue', '552851387'); 
--insert into PROJECT.FABRICANTE (COD_FABRICANTE, FABRICANTE, ENDERECO, TELEFONE) values ('484659799', 'Tagfeed', '2 Dwight Plaza', '632433043');
--insert into PROJECT.FABRICANTE (COD_FABRICANTE, FABRICANTE, ENDERECO, TELEFONE) values ('194385028', 'Cogilith', '61 Anderson Alley', '444527084');
--insert into PROJECT.FABRICANTE (COD_FABRICANTE, FABRICANTE, ENDERECO, TELEFONE) values ('730602687', 'Bubbletube', '91 Farragut Terrace', '419257169');
--insert into PROJECT.FABRICANTE (COD_FABRICANTE, FABRICANTE, ENDERECO, TELEFONE) values ('464864323', 'Jatri', '813 Graedel Center', '117068284');
--insert into PROJECT.FABRICANTE (COD_FABRICANTE, FABRICANTE, ENDERECO, TELEFONE) values ('347333417', 'Dynava', '34776 Pawling Center', '390049446');
--insert into PROJECT.FABRICANTE (COD_FABRICANTE, FABRICANTE, ENDERECO, TELEFONE) values ('970607372', 'Browsetype', '01 Arrowood Crossing', '606511263');
--insert into PROJECT.FABRICANTE (COD_FABRICANTE, FABRICANTE, ENDERECO, TELEFONE) values ('367811486', 'Lajo', '7 American Ash Way', '610460894');
--insert into PROJECT.FABRICANTE (COD_FABRICANTE, FABRICANTE, ENDERECO, TELEFONE) values ('902224226', 'Tavu', '6 Hintze Trail', '256216074');
--insert into PROJECT.FABRICANTE (COD_FABRICANTE, FABRICANTE, ENDERECO, TELEFONE) values ('849817268', 'Realblab', '00229 Hollow Ridge Place', '470959932');
--insert into PROJECT.FABRICANTE (COD_FABRICANTE, FABRICANTE, ENDERECO, TELEFONE) values ('437802750', 'Zoomlounge', '154 Mayfield Hill', '310180194');
--insert into PROJECT.FABRICANTE (COD_FABRICANTE, FABRICANTE, ENDERECO, TELEFONE) values ('722906192', 'Digitube', '6726 Hagan Street', '173787569'); -------

--insert into PROJECT.PESSOA (ID_PESSOA, PRIMEIRO_NOME, ULTIMO_NOME, MORADA, GENERO, DATA_NASC, TLM, CC, NIF) values ('420398320', 'Jessica', 'Flores', '37 Arizona Place', 'F', '01/30/1991', '181079113', '946801516', '259014057');
--insert into PROJECT.PESSOA (ID_PESSOA, PRIMEIRO_NOME, ULTIMO_NOME, MORADA, GENERO, DATA_NASC, TLM, CC, NIF) values ('912650754', 'Christine', 'Turner', '62425 Anniversary Crossing', 'F', '03/01/2006', '699535087', '942557917', '435507150');
--insert into PROJECT.PESSOA (ID_PESSOA, PRIMEIRO_NOME, ULTIMO_NOME, MORADA, GENERO, DATA_NASC, TLM, CC, NIF) values ('892841307', 'Kelly', 'Fisher', '9009 Melvin Avenue', 'F', '09/22/1973', '988760499', '799690087', '853566620');
--insert into PROJECT.PESSOA (ID_PESSOA, PRIMEIRO_NOME, ULTIMO_NOME, MORADA, GENERO, DATA_NASC, TLM, CC, NIF) values ('131131657', 'Eugene', 'Fowler', '9462 Dapin Street', 'M', '01/29/1965', '737138013', '215232107', '230796267');
--insert into PROJECT.PESSOA (ID_PESSOA, PRIMEIRO_NOME, ULTIMO_NOME, MORADA, GENERO, DATA_NASC, TLM, CC, NIF) values ('159825383', 'Laura', 'Vasquez', '93 Hoepker Parkway', 'F', '01/27/1994', '596911216', '862205612', '961058254');
--insert into PROJECT.PESSOA (ID_PESSOA, PRIMEIRO_NOME, ULTIMO_NOME, MORADA, GENERO, DATA_NASC, TLM, CC, NIF) values ('477868846', 'Lillian', 'Hart', '9113 Melody Street', 'F', '03/13/1955', '883322171', '812327877', '837812449');
--insert into PROJECT.PESSOA (ID_PESSOA, PRIMEIRO_NOME, ULTIMO_NOME, MORADA, GENERO, DATA_NASC, TLM, CC, NIF) values ('703013902', 'Edward', 'Dean', '54384 Prairieview Court', 'M', '09/20/1992', '456479647', '684095244', '946828665');
--insert into PROJECT.PESSOA (ID_PESSOA, PRIMEIRO_NOME, ULTIMO_NOME, MORADA, GENERO, DATA_NASC, TLM, CC, NIF) values ('592036963', 'Tina', 'Matthews', '568 Merchant Parkway', 'F', '08/18/1987', '267937407', '115519626', '528299475');
--insert into PROJECT.PESSOA (ID_PESSOA, PRIMEIRO_NOME, ULTIMO_NOME, MORADA, GENERO, DATA_NASC, TLM, CC, NIF) values ('568186263', 'Timothy', 'Reynolds', '96326 Sauthoff Circle', 'M', '11/20/2008', '441519003', '140516381', '850200225');
--insert into PROJECT.PESSOA (ID_PESSOA, PRIMEIRO_NOME, ULTIMO_NOME, MORADA, GENERO, DATA_NASC, TLM, CC, NIF) values ('145659490', 'Lisa', 'Gomez', '1 Victoria Avenue', 'F', '07/22/2003', '436115960', '383386349', '876116175');
--insert into PROJECT.PESSOA (ID_PESSOA, PRIMEIRO_NOME, ULTIMO_NOME, MORADA, GENERO, DATA_NASC, TLM, CC, NIF) values ('282123435', 'Julie', 'Scott', '36 Utah Avenue', 'F', '04/21/1991', '599442335', '691733374', '958025832');
--insert into PROJECT.PESSOA (ID_PESSOA, PRIMEIRO_NOME, ULTIMO_NOME, MORADA, GENERO, DATA_NASC, TLM, CC, NIF) values ('736158853', 'Angela', 'Chapman', '302 Paget Plaza', 'F', '10/15/2000', '828469227', '395513220', '861102594');
--insert into PROJECT.PESSOA (ID_PESSOA, PRIMEIRO_NOME, ULTIMO_NOME, MORADA, GENERO, DATA_NASC, TLM, CC, NIF) values ('779813528', 'Teresa', 'James', '385 Knutson Center', 'F', '05/10/2012', '903992225', '452347605', '160733190');
--insert into PROJECT.PESSOA (ID_PESSOA, PRIMEIRO_NOME, ULTIMO_NOME, MORADA, GENERO, DATA_NASC, TLM, CC, NIF) values ('410089841', 'Alice', 'Richardson', '65 Talisman Point', 'F', '03/23/1988', '316177858', '417789599', '730941305');
--insert into PROJECT.PESSOA (ID_PESSOA, PRIMEIRO_NOME, ULTIMO_NOME, MORADA, GENERO, DATA_NASC, TLM, CC, NIF) values ('861543057', 'Jean', 'White', '50926 Mosinee Crossing', 'F', '04/08/1989', '679955487', '876497375', '925453497');
--insert into PROJECT.PESSOA (ID_PESSOA, PRIMEIRO_NOME, ULTIMO_NOME, MORADA, GENERO, DATA_NASC, TLM, CC, NIF) values ('308763435', 'Antonio', 'Mills', '6 Dryden Court', 'M', '11/24/1974', '958638769', '335730481', '208022498');
--insert into PROJECT.PESSOA (ID_PESSOA, PRIMEIRO_NOME, ULTIMO_NOME, MORADA, GENERO, DATA_NASC, TLM, CC, NIF) values ('116676511', 'Jessica', 'Price', '510 Bonner Crossing', 'F', '07/03/1989', '673484059', '266073658', '551766893');
--insert into PROJECT.PESSOA (ID_PESSOA, PRIMEIRO_NOME, ULTIMO_NOME, MORADA, GENERO, DATA_NASC, TLM, CC, NIF) values ('924924066', 'Ernest', 'Rose', '6550 Roxbury Crossing', 'M', '03/26/1973', '420970850', '812815742', '652216924');
--insert into PROJECT.PESSOA (ID_PESSOA, PRIMEIRO_NOME, ULTIMO_NOME, MORADA, GENERO, DATA_NASC, TLM, CC, NIF) values ('360245556', 'Harold', 'Stewart', '60282 Scott Road', 'M', '12/03/1956', '794016524', '870115088', '767899431');
--insert into PROJECT.PESSOA (ID_PESSOA, PRIMEIRO_NOME, ULTIMO_NOME, MORADA, GENERO, DATA_NASC, TLM, CC, NIF) values ('808778287', 'Lois', 'Mills', '87696 Banding Park', 'F', '12/06/1994', '178438552', '947112835', '819019347');
--insert into PROJECT.PESSOA (ID_PESSOA, PRIMEIRO_NOME, ULTIMO_NOME, MORADA, GENERO, DATA_NASC, TLM, CC, NIF) values ('441919746', 'Gerald', 'Reid', '8 Vera Terrace', 'M', '06/23/1954', '337789725', '885786345', '178694983');
--insert into PROJECT.PESSOA (ID_PESSOA, PRIMEIRO_NOME, ULTIMO_NOME, MORADA, GENERO, DATA_NASC, TLM, CC, NIF) values ('491883998', 'Scott', 'Henderson', '589 Gateway Court', 'M', '10/05/1958', '123952944', '279213133', '919685436');
--insert into PROJECT.PESSOA (ID_PESSOA, PRIMEIRO_NOME, ULTIMO_NOME, MORADA, GENERO, DATA_NASC, TLM, CC, NIF) values ('267237535', 'Barbara', 'Coleman', '9 Heffernan Lane', 'F', '11/20/1972', '470122053', '972704297', '999880688');
--insert into PROJECT.PESSOA (ID_PESSOA, PRIMEIRO_NOME, ULTIMO_NOME, MORADA, GENERO, DATA_NASC, TLM, CC, NIF) values ('580741102', 'Norma', 'Mcdonald', '2969 Butternut Avenue', 'F', '11/19/1976', '954007969', '176616445', '454505935');
--insert into PROJECT.PESSOA (ID_PESSOA, PRIMEIRO_NOME, ULTIMO_NOME, MORADA, GENERO, DATA_NASC, TLM, CC, NIF) values ('184180146', 'Johnny', 'Smith', '387 Kinsman Junction', 'M', '02/13/1998', '872571788', '592104809', '375315522');
--insert into PROJECT.PESSOA (ID_PESSOA, PRIMEIRO_NOME, ULTIMO_NOME, MORADA, GENERO, DATA_NASC, TLM, CC, NIF) values ('990340907', 'Shawn', 'Reed', '12 Gateway Plaza', 'M', '05/11/1956', '714878540', '193625960', '104388128');
--insert into PROJECT.PESSOA (ID_PESSOA, PRIMEIRO_NOME, ULTIMO_NOME, MORADA, GENERO, DATA_NASC, TLM, CC, NIF) values ('105336450', 'Diane', 'Wright', '73 Bashford Pass', 'F', '06/20/1950', '265689753', '870139049', '867850491');
--insert into PROJECT.PESSOA (ID_PESSOA, PRIMEIRO_NOME, ULTIMO_NOME, MORADA, GENERO, DATA_NASC, TLM, CC, NIF) values ('272855322', 'Robin', 'Robertson', '3 Crownhardt Pass', 'F', '06/09/1999', '204001604', '467872687', '469833490');
--insert into PROJECT.PESSOA (ID_PESSOA, PRIMEIRO_NOME, ULTIMO_NOME, MORADA, GENERO, DATA_NASC, TLM, CC, NIF) values ('391741047', 'Mark', 'Kelley', '7 Lake View Center', 'M', '07/11/1977', '151236258', '114326739', '363157988');
--insert into PROJECT.PESSOA (ID_PESSOA, PRIMEIRO_NOME, ULTIMO_NOME, MORADA, GENERO, DATA_NASC, TLM, CC, NIF) values ('490106845', 'Carolyn', 'Kelly', '965 Daystar Point', 'F', '08/11/2011', '767650071', '776607650', '385211802');
--insert into PROJECT.PESSOA (ID_PESSOA, PRIMEIRO_NOME, ULTIMO_NOME, MORADA, GENERO, DATA_NASC, TLM, CC, NIF) values ('841679860', 'Keith', 'Reyes', '962 Delladonna Road', 'M', '05/27/1989', '378360967', '254494917', '973676263');
--insert into PROJECT.PESSOA (ID_PESSOA, PRIMEIRO_NOME, ULTIMO_NOME, MORADA, GENERO, DATA_NASC, TLM, CC, NIF) values ('756813072', 'Barbara', 'Riley', '070 Westridge Junction', 'F', '11/16/1990', '103929847', '751659753', '633164368');
--insert into PROJECT.PESSOA (ID_PESSOA, PRIMEIRO_NOME, ULTIMO_NOME, MORADA, GENERO, DATA_NASC, TLM, CC, NIF) values ('124284077', 'Elizabeth', 'Harper', '95097 Ryan Avenue', 'F', '11/17/1954', '923944635', '793404337', '416516855');
--insert into PROJECT.PESSOA (ID_PESSOA, PRIMEIRO_NOME, ULTIMO_NOME, MORADA, GENERO, DATA_NASC, TLM, CC, NIF) values ('781474013', 'Carol', 'Harrison', '09783 Lake View Way', 'F', '04/04/2003', '519941174', '564580835', '666193100');
--insert into PROJECT.PESSOA (ID_PESSOA, PRIMEIRO_NOME, ULTIMO_NOME, MORADA, GENERO, DATA_NASC, TLM, CC, NIF) values ('333962698', 'Jimmy', 'Kelley', '212 Lotheville Way', 'M', '05/03/1962', '442486540', '665002252', '907317050');
--insert into PROJECT.PESSOA (ID_PESSOA, PRIMEIRO_NOME, ULTIMO_NOME, MORADA, GENERO, DATA_NASC, TLM, CC, NIF) values ('519286205', 'Paula', 'Holmes', '325 Hintze Place', 'F', '11/19/2003', '875424698', '309515860', '906409975');
--insert into PROJECT.PESSOA (ID_PESSOA, PRIMEIRO_NOME, ULTIMO_NOME, MORADA, GENERO, DATA_NASC, TLM, CC, NIF) values ('372763458', 'Frances', 'Mcdonald', '595 Westridge Road', 'F', '06/15/1981', '449376071', '419755205', '381175607');
--insert into PROJECT.PESSOA (ID_PESSOA, PRIMEIRO_NOME, ULTIMO_NOME, MORADA, GENERO, DATA_NASC, TLM, CC, NIF) values ('802297841', 'Harry', 'Nguyen', '766 Glendale Drive', 'M', '12/20/2002', '437722363', '150259513', '497554960');
--insert into PROJECT.PESSOA (ID_PESSOA, PRIMEIRO_NOME, ULTIMO_NOME, MORADA, GENERO, DATA_NASC, TLM, CC, NIF) values ('139615259', 'Robin', 'Bryant', '09 Lawn Trail', 'F', '05/19/1990', '103525365', '894936541', '561370186');
--insert into PROJECT.PESSOA (ID_PESSOA, PRIMEIRO_NOME, ULTIMO_NOME, MORADA, GENERO, DATA_NASC, TLM, CC, NIF) values ('147099555', 'Sharon', 'Carpenter', '05 Di Loreto Crossing', 'F', '07/03/2001', '145554662', '423834219', '685263050');
--insert into PROJECT.PESSOA (ID_PESSOA, PRIMEIRO_NOME, ULTIMO_NOME, MORADA, GENERO, DATA_NASC, TLM, CC, NIF) values ('952837109', 'Betty', 'Carter', '65 Sommers Avenue', 'F', '07/14/2015', '500099732', '703929015', '161684564');
--insert into PROJECT.PESSOA (ID_PESSOA, PRIMEIRO_NOME, ULTIMO_NOME, MORADA, GENERO, DATA_NASC, TLM, CC, NIF) values ('609654325', 'Karen', 'Owens', '92437 Merrick Street', 'F', '10/18/1982', '368525484', '941567352', '943626287');
--insert into PROJECT.PESSOA (ID_PESSOA, PRIMEIRO_NOME, ULTIMO_NOME, MORADA, GENERO, DATA_NASC, TLM, CC, NIF) values ('246904955', 'Teresa', 'Daniels', '89856 Carioca Place', 'F', '02/04/1986', '973455304', '848714992', '269662696');
--insert into PROJECT.PESSOA (ID_PESSOA, PRIMEIRO_NOME, ULTIMO_NOME, MORADA, GENERO, DATA_NASC, TLM, CC, NIF) values ('750342510', 'Ryan', 'Griffin', '3 Mesta Circle', 'M', '01/20/1996', '816769497', '268046402', '100776761');
--insert into PROJECT.PESSOA (ID_PESSOA, PRIMEIRO_NOME, ULTIMO_NOME, MORADA, GENERO, DATA_NASC, TLM, CC, NIF) values ('515892031', 'Philip', 'Flores', '12049 Village Avenue', 'M', '07/03/2006', '152918619', '272366877', '737007559');
--insert into PROJECT.PESSOA (ID_PESSOA, PRIMEIRO_NOME, ULTIMO_NOME, MORADA, GENERO, DATA_NASC, TLM, CC, NIF) values ('414860473', 'Frank', 'Vasquez', '270 Ruskin Parkway', 'M', '08/04/1983', '220360349', '442456395', '176922748');
--insert into PROJECT.PESSOA (ID_PESSOA, PRIMEIRO_NOME, ULTIMO_NOME, MORADA, GENERO, DATA_NASC, TLM, CC, NIF) values ('617656271', 'Christopher', 'Hall', '910 Meadow Valley Circle', 'M', '06/02/1982', '126192043', '381694463', '211832430');
--insert into PROJECT.PESSOA (ID_PESSOA, PRIMEIRO_NOME, ULTIMO_NOME, MORADA, GENERO, DATA_NASC, TLM, CC, NIF) values ('452715189', 'Nancy', 'Wilson', '63348 Reindahl Drive', 'F', '03/13/2008', '923140227', '839705057', '642466515');
--insert into PROJECT.PESSOA (ID_PESSOA, PRIMEIRO_NOME, ULTIMO_NOME, MORADA, GENERO, DATA_NASC, TLM, CC, NIF) values ('601552756', 'Elizabeth', 'Wood', '51 Scott Alley', 'F', '11/30/1982', '338937838', '288966806', '113897451');
--insert into PROJECT.PESSOA (ID_PESSOA, PRIMEIRO_NOME, ULTIMO_NOME, MORADA, GENERO, DATA_NASC, TLM, CC, NIF) values ('313308189', 'Willie', 'Davis', '40014 Laurel Point', 'M', '05/15/1988', '786932385', '818655377', '464024492');
--insert into PROJECT.PESSOA (ID_PESSOA, PRIMEIRO_NOME, ULTIMO_NOME, MORADA, GENERO, DATA_NASC, TLM, CC, NIF) values ('402184576', 'Frank', 'Harper', '33961 Milwaukee Center', 'M', '11/02/1974', '104180073', '269983389', '884010884');
--insert into PROJECT.PESSOA (ID_PESSOA, PRIMEIRO_NOME, ULTIMO_NOME, MORADA, GENERO, DATA_NASC, TLM, CC, NIF) values ('180004583', 'Kimberly', 'Reynolds', '2 Delaware Hill', 'F', '02/16/1970', '228310923', '164038648', '511932028');
--insert into PROJECT.PESSOA (ID_PESSOA, PRIMEIRO_NOME, ULTIMO_NOME, MORADA, GENERO, DATA_NASC, TLM, CC, NIF) values ('895663527', 'Earl', 'Chavez', '497 Jana Parkway', 'M', '10/01/1990', '851134448', '574193604', '104534423');
--insert into PROJECT.PESSOA (ID_PESSOA, PRIMEIRO_NOME, ULTIMO_NOME, MORADA, GENERO, DATA_NASC, TLM, CC, NIF) values ('908549264', 'Victor', 'Knight', '4644 North Point', 'M', '04/01/1954', '724174659', '405930726', '817537472');
--insert into PROJECT.PESSOA (ID_PESSOA, PRIMEIRO_NOME, ULTIMO_NOME, MORADA, GENERO, DATA_NASC, TLM, CC, NIF) values ('151004571', 'Joshua', 'Burton', '15 Maple Wood Street', 'M', '10/20/2012', '601250164', '370762117', '979346479');
--insert into PROJECT.PESSOA (ID_PESSOA, PRIMEIRO_NOME, ULTIMO_NOME, MORADA, GENERO, DATA_NASC, TLM, CC, NIF) values ('578795511', 'Aaron', 'Mitchell', '4749 Elka Pass', 'M', '07/16/1999', '681190604', '112023253', '902723925');
--insert into PROJECT.PESSOA (ID_PESSOA, PRIMEIRO_NOME, ULTIMO_NOME, MORADA, GENERO, DATA_NASC, TLM, CC, NIF) values ('265010656', 'Eric', 'Franklin', '37522 Erie Hill', 'M', '01/29/1992', '154271673', '268043625', '373025821');
--insert into PROJECT.PESSOA (ID_PESSOA, PRIMEIRO_NOME, ULTIMO_NOME, MORADA, GENERO, DATA_NASC, TLM, CC, NIF) values ('972972052', 'Beverly', 'Holmes', '1058 Glendale Plaza', 'F', '02/25/1992', '533827149', '115086588', '392360862');
--insert into PROJECT.PESSOA (ID_PESSOA, PRIMEIRO_NOME, ULTIMO_NOME, MORADA, GENERO, DATA_NASC, TLM, CC, NIF) values ('680406729', 'Roger', 'Baker', '5 Monica Trail', 'M', '07/02/1972', '472711864', '166533822', '472040705');
--insert into PROJECT.PESSOA (ID_PESSOA, PRIMEIRO_NOME, ULTIMO_NOME, MORADA, GENERO, DATA_NASC, TLM, CC, NIF) values ('997481689', 'Albert', 'Cox', '5 International Street', 'M', '06/17/1998', '248738184', '281241175', '452645031');
--insert into PROJECT.PESSOA (ID_PESSOA, PRIMEIRO_NOME, ULTIMO_NOME, MORADA, GENERO, DATA_NASC, TLM, CC, NIF) values ('843278434', 'Nicholas', 'Greene', '33 Artisan Trail', 'M', '10/06/2011', '567781605', '778399973', '581676794');
--insert into PROJECT.PESSOA (ID_PESSOA, PRIMEIRO_NOME, ULTIMO_NOME, MORADA, GENERO, DATA_NASC, TLM, CC, NIF) values ('333197406', 'Phillip', 'Ford', '476 Hayes Avenue', 'M', '04/30/1982', '712734141', '228978563', '887619987');
--insert into PROJECT.PESSOA (ID_PESSOA, PRIMEIRO_NOME, ULTIMO_NOME, MORADA, GENERO, DATA_NASC, TLM, CC, NIF) values ('523471419', 'Benjamin', 'Stewart', '25335 Fieldstone Center', 'M', '04/14/2008', '140768302', '398219505', '312037163');
--insert into PROJECT.PESSOA (ID_PESSOA, PRIMEIRO_NOME, ULTIMO_NOME, MORADA, GENERO, DATA_NASC, TLM, CC, NIF) values ('761979844', 'Jerry', 'Ryan', '39 Lukken Terrace', 'M', '06/14/2011', '196948361', '842711983', '498756028');
--insert into PROJECT.PESSOA (ID_PESSOA, PRIMEIRO_NOME, ULTIMO_NOME, MORADA, GENERO, DATA_NASC, TLM, CC, NIF) values ('236988641', 'Joshua', 'Bryant', '20396 Golf Lane', 'M', '04/17/1978', '165690451', '766359673', '973864303');
--insert into PROJECT.PESSOA (ID_PESSOA, PRIMEIRO_NOME, ULTIMO_NOME, MORADA, GENERO, DATA_NASC, TLM, CC, NIF) values ('324074478', 'Kelly', 'Torres', '29 Bonner Park', 'F', '01/07/1990', '741646044', '383227013', '559617412');
--insert into PROJECT.PESSOA (ID_PESSOA, PRIMEIRO_NOME, ULTIMO_NOME, MORADA, GENERO, DATA_NASC, TLM, CC, NIF) values ('263666164', 'Wayne', 'Oliver', '65 Fairview Court', 'M', '07/23/1963', '500529315', '854707896', '672507014');
--insert into PROJECT.PESSOA (ID_PESSOA, PRIMEIRO_NOME, ULTIMO_NOME, MORADA, GENERO, DATA_NASC, TLM, CC, NIF) values ('363374564', 'Ann', 'Owens', '52790 Summerview Court', 'F', '09/01/1992', '199663847', '187393963', '961725881');
--insert into PROJECT.PESSOA (ID_PESSOA, PRIMEIRO_NOME, ULTIMO_NOME, MORADA, GENERO, DATA_NASC, TLM, CC, NIF) values ('478186472', 'William', 'Cunningham', '21023 Menomonie Center', 'M', '09/12/1993', '953197238', '630763088', '227871969');
--insert into PROJECT.PESSOA (ID_PESSOA, PRIMEIRO_NOME, ULTIMO_NOME, MORADA, GENERO, DATA_NASC, TLM, CC, NIF) values ('994752041', 'Melissa', 'Jackson', '4 Susan Lane', 'F', '05/07/1979', '943208666', '582712200', '535646852');
--insert into PROJECT.PESSOA (ID_PESSOA, PRIMEIRO_NOME, ULTIMO_NOME, MORADA, GENERO, DATA_NASC, TLM, CC, NIF) values ('798094900', 'Amy', 'Hanson', '48436 Hanson Pass', 'F', '07/01/1999', '476292866', '966839629', '479928434');
--insert into PROJECT.PESSOA (ID_PESSOA, PRIMEIRO_NOME, ULTIMO_NOME, MORADA, GENERO, DATA_NASC, TLM, CC, NIF) values ('561768970', 'Jimmy', 'Campbell', '0963 Corscot Lane', 'M', '09/21/2010', '171970962', '242023622', '494494311');
--insert into PROJECT.PESSOA (ID_PESSOA, PRIMEIRO_NOME, ULTIMO_NOME, MORADA, GENERO, DATA_NASC, TLM, CC, NIF) values ('511464150', 'Mildred', 'Richards', '1 Farmco Road', 'F', '02/23/2004', '680781013', '831492067', '601823902');
--insert into PROJECT.PESSOA (ID_PESSOA, PRIMEIRO_NOME, ULTIMO_NOME, MORADA, GENERO, DATA_NASC, TLM, CC, NIF) values ('139318281', 'Steve', 'Sullivan', '2475 Sycamore Avenue', 'M', '06/24/1989', '229854139', '607240893', '777141722');
--insert into PROJECT.PESSOA (ID_PESSOA, PRIMEIRO_NOME, ULTIMO_NOME, MORADA, GENERO, DATA_NASC, TLM, CC, NIF) values ('350228737', 'Gregory', 'Grant', '031 3rd Crossing', 'M', '09/26/1958', '627593456', '908724116', '285723405');
--insert into PROJECT.PESSOA (ID_PESSOA, PRIMEIRO_NOME, ULTIMO_NOME, MORADA, GENERO, DATA_NASC, TLM, CC, NIF) values ('563444976', 'Evelyn', 'Garrett', '79115 Kings Lane', 'F', '12/18/1980', '399864078', '109130661', '164446814');
--insert into PROJECT.PESSOA (ID_PESSOA, PRIMEIRO_NOME, ULTIMO_NOME, MORADA, GENERO, DATA_NASC, TLM, CC, NIF) values ('220659110', 'Alan', 'Diaz', '17929 Hallows Way', 'M', '02/28/1954', '223362147', '458423036', '894777828');
--insert into PROJECT.PESSOA (ID_PESSOA, PRIMEIRO_NOME, ULTIMO_NOME, MORADA, GENERO, DATA_NASC, TLM, CC, NIF) values ('468876375', 'Rachel', 'Cunningham', '5135 Linden Avenue', 'F', '09/16/1980', '691496144', '902705708', '199786768');
--insert into PROJECT.PESSOA (ID_PESSOA, PRIMEIRO_NOME, ULTIMO_NOME, MORADA, GENERO, DATA_NASC, TLM, CC, NIF) values ('240962038', 'Phillip', 'Gonzalez', '804 Farwell Alley', 'M', '06/17/1988', '117148239', '580935793', '106613021');
--insert into PROJECT.PESSOA (ID_PESSOA, PRIMEIRO_NOME, ULTIMO_NOME, MORADA, GENERO, DATA_NASC, TLM, CC, NIF) values ('846057983', 'Joe', 'Spencer', '83 Del Sol Park', 'M', '07/08/2012', '547582105', '568932515', '315765884');
--insert into PROJECT.PESSOA (ID_PESSOA, PRIMEIRO_NOME, ULTIMO_NOME, MORADA, GENERO, DATA_NASC, TLM, CC, NIF) values ('564662865', 'Billy', 'Bishop', '5114 Pearson Drive', 'M', '05/29/1991', '638508531', '348041554', '366974693');
--insert into PROJECT.PESSOA (ID_PESSOA, PRIMEIRO_NOME, ULTIMO_NOME, MORADA, GENERO, DATA_NASC, TLM, CC, NIF) values ('882480385', 'Julia', 'Carpenter', '4547 Anderson Terrace', 'F', '01/19/1966', '725914716', '517349422', '512991192');
--insert into PROJECT.PESSOA (ID_PESSOA, PRIMEIRO_NOME, ULTIMO_NOME, MORADA, GENERO, DATA_NASC, TLM, CC, NIF) values ('360365593', 'Gloria', 'Jordan', '03 Northview Drive', 'F', '03/24/1970', '478979200', '657895947', '714424226');
--insert into PROJECT.PESSOA (ID_PESSOA, PRIMEIRO_NOME, ULTIMO_NOME, MORADA, GENERO, DATA_NASC, TLM, CC, NIF) values ('528721713', 'Julie', 'Foster', '7 Carberry Junction', 'F', '07/30/1976', '175528525', '600261515', '187905109');
--insert into PROJECT.PESSOA (ID_PESSOA, PRIMEIRO_NOME, ULTIMO_NOME, MORADA, GENERO, DATA_NASC, TLM, CC, NIF) values ('112754140', 'Sara', 'Harris', '449 Southridge Crossing', 'F', '09/10/1990', '814775031', '621790527', '923748879');
--insert into PROJECT.PESSOA (ID_PESSOA, PRIMEIRO_NOME, ULTIMO_NOME, MORADA, GENERO, DATA_NASC, TLM, CC, NIF) values ('232116579', 'Judith', 'Turner', '6 Center Junction', 'F', '11/11/1976', '925865627', '530736922', '385708132');
--insert into PROJECT.PESSOA (ID_PESSOA, PRIMEIRO_NOME, ULTIMO_NOME, MORADA, GENERO, DATA_NASC, TLM, CC, NIF) values ('127109022', 'Shawn', 'Ramos', '3724 Hoard Road', 'M', '11/21/1977', '798410945', '267980069', '981628968');
--insert into PROJECT.PESSOA (ID_PESSOA, PRIMEIRO_NOME, ULTIMO_NOME, MORADA, GENERO, DATA_NASC, TLM, CC, NIF) values ('171119050', 'Patricia', 'Porter', '968 Cottonwood Trail', 'F', '04/23/1994', '647850289', '843280869', '171994017');
--insert into PROJECT.PESSOA (ID_PESSOA, PRIMEIRO_NOME, ULTIMO_NOME, MORADA, GENERO, DATA_NASC, TLM, CC, NIF) values ('336580096', 'Kathleen', 'Mendoza', '56167 Twin Pines Park', 'F', '12/15/1976', '519897250', '722098776', '203711586');
--insert into PROJECT.PESSOA (ID_PESSOA, PRIMEIRO_NOME, ULTIMO_NOME, MORADA, GENERO, DATA_NASC, TLM, CC, NIF) values ('188068612', 'Paul', 'Lee', '5132 Heath Park', 'M', '07/02/1989', '179532633', '783956612', '625642060');
--insert into PROJECT.PESSOA (ID_PESSOA, PRIMEIRO_NOME, ULTIMO_NOME, MORADA, GENERO, DATA_NASC, TLM, CC, NIF) values ('838506777', 'Henry', 'Hicks', '8284 Dwight Park', 'M', '02/04/1988', '714127761', '817307997', '895100599');
--insert into PROJECT.PESSOA (ID_PESSOA, PRIMEIRO_NOME, ULTIMO_NOME, MORADA, GENERO, DATA_NASC, TLM, CC, NIF) values ('301044898', 'Jose', 'Green', '81759 Spaight Court', 'M', '08/02/2014', '152710799', '356135555', '294910875');
--insert into PROJECT.PESSOA (ID_PESSOA, PRIMEIRO_NOME, ULTIMO_NOME, MORADA, GENERO, DATA_NASC, TLM, CC, NIF) values ('155009575', 'Gregory', 'Morris', '44 Porter Street', 'M', '11/19/1987', '714565526', '118327920', '997808823');
--insert into PROJECT.PESSOA (ID_PESSOA, PRIMEIRO_NOME, ULTIMO_NOME, MORADA, GENERO, DATA_NASC, TLM, CC, NIF) values ('497703680', 'Donna', 'James', '139 Talisman Hill', 'F', '07/30/2007', '145857229', '837941441', '463450110');
--insert into PROJECT.PESSOA (ID_PESSOA, PRIMEIRO_NOME, ULTIMO_NOME, MORADA, GENERO, DATA_NASC, TLM, CC, NIF) values ('351809290', 'Shawn', 'Kelly', '663 Shoshone Crossing', 'M', '11/02/1966', '158042129', '879556133', '320448978');
--insert into PROJECT.PESSOA (ID_PESSOA, PRIMEIRO_NOME, ULTIMO_NOME, MORADA, GENERO, DATA_NASC, TLM, CC, NIF) values ('712250830', 'Donald', 'Cole', '1 American Alley', 'M', '09/02/2009', '339041723', '635377051', '564959004');
--insert into PROJECT.PESSOA (ID_PESSOA, PRIMEIRO_NOME, ULTIMO_NOME, MORADA, GENERO, DATA_NASC, TLM, CC, NIF) values ('906275113', 'Robert', 'Porter', '525 Rockefeller Point', 'M', '05/22/1964', '236732891', '658327921', '591729521');
--insert into PROJECT.PESSOA (ID_PESSOA, PRIMEIRO_NOME, ULTIMO_NOME, MORADA, GENERO, DATA_NASC, TLM, CC, NIF) values ('260242899', 'John', 'Mcdonald', '959 Carioca Pass', 'M', '12/05/1958', '623228108', '310194393', '262227445');
--insert into PROJECT.PESSOA (ID_PESSOA, PRIMEIRO_NOME, ULTIMO_NOME, MORADA, GENERO, DATA_NASC, TLM, CC, NIF) values ('843315706', 'Teresa', 'Hernandez', '289 David Crossing', 'F', '01/13/2007', '532600902', '148450019', '310192529');
--insert into PROJECT.PESSOA (ID_PESSOA, PRIMEIRO_NOME, ULTIMO_NOME, MORADA, GENERO, DATA_NASC, TLM, CC, NIF) values ('263328257', 'Evelyn', 'Palmer', '3 Porter Road', 'F', '10/18/1988', '362857372', '881318393', '448549794');

--insert into PROJECT.AUTOR (COD_AUTOR, ID_PESSOA) values ('164344875', '420398320'); --
--insert into PROJECT.AUTOR (COD_AUTOR, ID_PESSOA) values ('950623714', '912650754'); --
--insert into PROJECT.AUTOR (COD_AUTOR, ID_PESSOA) values ('330561587', '892841307'); --
--insert into PROJECT.AUTOR (COD_AUTOR, ID_PESSOA) values ('651401707', '131131657'); --
--insert into PROJECT.AUTOR (COD_AUTOR, ID_PESSOA) values ('192989535', '159825383'); --
--insert into PROJECT.AUTOR (COD_AUTOR, ID_PESSOA) values ('850260593', '477868846'); --
--insert into PROJECT.AUTOR (COD_AUTOR, ID_PESSOA) values ('273080549', '703013902'); --
--insert into PROJECT.AUTOR (COD_AUTOR, ID_PESSOA) values ('945985228', '592036963'); --
--insert into PROJECT.AUTOR (COD_AUTOR, ID_PESSOA) values ('693809173', '568186263'); --
--insert into PROJECT.AUTOR (COD_AUTOR, ID_PESSOA) values ('143168977', '145659490'); --
--insert into PROJECT.AUTOR (COD_AUTOR, ID_PESSOA) values ('918298736', '282123435'); --
--insert into PROJECT.AUTOR (COD_AUTOR, ID_PESSOA) values ('414599518', '736158853'); --
--insert into PROJECT.AUTOR (COD_AUTOR, ID_PESSOA) values ('632133582', '779813528'); --
--insert into PROJECT.AUTOR (COD_AUTOR, ID_PESSOA) values ('778081660', '410089841'); --
--insert into PROJECT.AUTOR (COD_AUTOR, ID_PESSOA) values ('260902387', '861543057'); --
--insert into PROJECT.AUTOR (COD_AUTOR, ID_PESSOA) values ('186408685', '308763435'); --
--insert into PROJECT.AUTOR (COD_AUTOR, ID_PESSOA) values ('681207145', '116676511'); --
--insert into PROJECT.AUTOR (COD_AUTOR, ID_PESSOA) values ('106851922', '924924066'); --
--insert into PROJECT.AUTOR (COD_AUTOR, ID_PESSOA) values ('201046426', '360245556'); --
--insert into PROJECT.AUTOR (COD_AUTOR, ID_PESSOA) values ('624217038', '808778287'); --

--insert into PROJECT.TIPO (COD_TIPO, TIPO) values ('849125117', 'Livro');
--insert into PROJECT.TIPO (COD_TIPO, TIPO) values ('138269439', 'Revista');
--insert into PROJECT.TIPO (COD_TIPO, TIPO) values ('257702078', 'Magazine');
--insert into PROJECT.TIPO (COD_TIPO, TIPO) values ('361054743', 'CD');
--insert into PROJECT.TIPO (COD_TIPO, TIPO) values ('157582769', 'Dicionario');
--insert into PROJECT.TIPO (COD_TIPO, TIPO) values ('298410535', 'Enciclopedia');
--insert into PROJECT.TIPO (COD_TIPO, TIPO) values ('659995103', 'Manual');
--insert into PROJECT.TIPO (COD_TIPO, TIPO) values ('532711178', 'Jornal');
--insert into PROJECT.TIPO (COD_TIPO, TIPO) values ('109613135', 'Atlas');
--insert into PROJECT.TIPO (COD_TIPO, TIPO) values ('120795219', 'Mapa');
--insert into PROJECT.TIPO (COD_TIPO, TIPO) values ('764917029', 'Manuscrito');
--insert into PROJECT.TIPO (COD_TIPO, TIPO) values ('148959750', 'Filme');
--insert into PROJECT.TIPO (COD_TIPO, TIPO) values ('137127978', 'Computador');

--insert into PROJECT.CATEGORIA (COD_CATEGORIA, CATEGORIA) values ('860044216', 'Acao');
--insert into PROJECT.CATEGORIA (COD_CATEGORIA, CATEGORIA) values ('543277800', 'Animacao');
--insert into PROJECT.CATEGORIA (COD_CATEGORIA, CATEGORIA) values ('198722418', 'Aventura');
--insert into PROJECT.CATEGORIA (COD_CATEGORIA, CATEGORIA) values ('122913963', 'Comedia');
--insert into PROJECT.CATEGORIA (COD_CATEGORIA, CATEGORIA) values ('996867209', 'Comedia Romantica');
--insert into PROJECT.CATEGORIA (COD_CATEGORIA, CATEGORIA) values ('183127204', 'Dança');
--insert into PROJECT.CATEGORIA (COD_CATEGORIA, CATEGORIA) values ('759517874', 'Documentario');
--insert into PROJECT.CATEGORIA (COD_CATEGORIA, CATEGORIA) values ('924077881', 'Drama');
--insert into PROJECT.CATEGORIA (COD_CATEGORIA, CATEGORIA) values ('491229858', 'Fantasia');
--insert into PROJECT.CATEGORIA (COD_CATEGORIA, CATEGORIA) values ('739752666', 'Ficcao cientifica');
--insert into PROJECT.CATEGORIA (COD_CATEGORIA, CATEGORIA) values ('937259324', 'Ficcao historica');
--insert into PROJECT.CATEGORIA (COD_CATEGORIA, CATEGORIA) values ('979586784', 'Guerra');
--insert into PROJECT.CATEGORIA (COD_CATEGORIA, CATEGORIA) values ('805544943', 'Musical');
--insert into PROJECT.CATEGORIA (COD_CATEGORIA, CATEGORIA) values ('596761513', 'Policial');
--insert into PROJECT.CATEGORIA (COD_CATEGORIA, CATEGORIA) values ('854170413', 'Romance');
--insert into PROJECT.CATEGORIA (COD_CATEGORIA, CATEGORIA) values ('161046158', 'Suspense');
--insert into PROJECT.CATEGORIA (COD_CATEGORIA, CATEGORIA) values ('955805865', 'Terror');
--insert into PROJECT.CATEGORIA (COD_CATEGORIA, CATEGORIA) values ('789878371', 'Cronica');
--insert into PROJECT.CATEGORIA (COD_CATEGORIA, CATEGORIA) values ('575897903', 'Poesia');
--insert into PROJECT.CATEGORIA (COD_CATEGORIA, CATEGORIA) values ('248903715', 'Prosa');



--insert into PROJECT.ITEM_ELECTRONICA (COD_ITEM_ELECT, COD_BIB, COD_TIPO, COD_FABRICANTE) values ('528563785', '459567487', '361054743', '790618733');
--insert into PROJECT.ITEM_ELECTRONICA (COD_ITEM_ELECT, COD_BIB, COD_TIPO, COD_FABRICANTE) values ('871049416', '459567487', '361054743', '790618733');--
--insert into PROJECT.ITEM_ELECTRONICA (COD_ITEM_ELECT, COD_BIB, COD_TIPO, COD_FABRICANTE) values ('128273770', '459567487', '361054743', '526219895');
--insert into PROJECT.ITEM_ELECTRONICA (COD_ITEM_ELECT, COD_BIB, COD_TIPO, COD_FABRICANTE) values ('136708691', '459567487', '361054743', '526219895');--
--insert into PROJECT.ITEM_ELECTRONICA (COD_ITEM_ELECT, COD_BIB, COD_TIPO, COD_FABRICANTE) values ('288779722', '459567487', '361054743', '215556991');
--insert into PROJECT.ITEM_ELECTRONICA (COD_ITEM_ELECT, COD_BIB, COD_TIPO, COD_FABRICANTE) values ('646549126', '459567487', '361054743', '215556991');--
--insert into PROJECT.ITEM_ELECTRONICA (COD_ITEM_ELECT, COD_BIB, COD_TIPO, COD_FABRICANTE) values ('995536498', '459567487', '361054743', '302240742');
--insert into PROJECT.ITEM_ELECTRONICA (COD_ITEM_ELECT, COD_BIB, COD_TIPO, COD_FABRICANTE) values ('891229258', '459567487', '361054743', '302240742');----
--insert into PROJECT.ITEM_ELECTRONICA (COD_ITEM_ELECT, COD_BIB, COD_TIPO, COD_FABRICANTE) values ('429053157', '459567487', '148959750', '520517617');
--insert into PROJECT.ITEM_ELECTRONICA (COD_ITEM_ELECT, COD_BIB, COD_TIPO, COD_FABRICANTE) values ('408959641', '459567487', '148959750', '520517617');--
--insert into PROJECT.ITEM_ELECTRONICA (COD_ITEM_ELECT, COD_BIB, COD_TIPO, COD_FABRICANTE) values ('476320588', '459567487', '148959750', '623751718');
--insert into PROJECT.ITEM_ELECTRONICA (COD_ITEM_ELECT, COD_BIB, COD_TIPO, COD_FABRICANTE) values ('167995771', '459567487', '148959750', '623751718');
--insert into PROJECT.ITEM_ELECTRONICA (COD_ITEM_ELECT, COD_BIB, COD_TIPO, COD_FABRICANTE) values ('201764688', '459567487', '148959750', '855076671');
--insert into PROJECT.ITEM_ELECTRONICA (COD_ITEM_ELECT, COD_BIB, COD_TIPO, COD_FABRICANTE) values ('851701837', '459567487', '148959750', '855076671');
--insert into PROJECT.ITEM_ELECTRONICA (COD_ITEM_ELECT, COD_BIB, COD_TIPO, COD_FABRICANTE) values ('111641958', '459567487', '148959750', '174590652');
--insert into PROJECT.ITEM_ELECTRONICA (COD_ITEM_ELECT, COD_BIB, COD_TIPO, COD_FABRICANTE) values ('330899467', '459567487', '148959750', '174590652');----
--insert into PROJECT.ITEM_ELECTRONICA (COD_ITEM_ELECT, COD_BIB, COD_TIPO, COD_FABRICANTE) values ('593999042', '459567487', '137127978', '222605031');
--insert into PROJECT.ITEM_ELECTRONICA (COD_ITEM_ELECT, COD_BIB, COD_TIPO, COD_FABRICANTE) values ('194412290', '459567487', '137127978', '222605031');
--insert into PROJECT.ITEM_ELECTRONICA (COD_ITEM_ELECT, COD_BIB, COD_TIPO, COD_FABRICANTE) values ('655169812', '459567487', '137127978', '222605031');
--insert into PROJECT.ITEM_ELECTRONICA (COD_ITEM_ELECT, COD_BIB, COD_TIPO, COD_FABRICANTE) values ('455291402', '459567487', '137127978', '570499148');
--insert into PROJECT.ITEM_ELECTRONICA (COD_ITEM_ELECT, COD_BIB, COD_TIPO, COD_FABRICANTE) values ('179184869', '459567487', '137127978', '570499148');
--insert into PROJECT.ITEM_ELECTRONICA (COD_ITEM_ELECT, COD_BIB, COD_TIPO, COD_FABRICANTE) values ('819360024', '459567487', '137127978', '348826538');
--insert into PROJECT.ITEM_ELECTRONICA (COD_ITEM_ELECT, COD_BIB, COD_TIPO, COD_FABRICANTE) values ('245792738', '459567487', '137127978', '348826538');
--insert into PROJECT.ITEM_ELECTRONICA (COD_ITEM_ELECT, COD_BIB, COD_TIPO, COD_FABRICANTE) values ('731763569', '459567487', '137127978', '216803344');
--insert into PROJECT.ITEM_ELECTRONICA (COD_ITEM_ELECT, COD_BIB, COD_TIPO, COD_FABRICANTE) values ('279709940', '459567487', '137127978', '216803344');--------
--insert into PROJECT.ITEM_ELECTRONICA (COD_ITEM_ELECT, COD_BIB, COD_TIPO, COD_FABRICANTE) values ('181595344', '489839364', '361054743', '284148830');
--insert into PROJECT.ITEM_ELECTRONICA (COD_ITEM_ELECT, COD_BIB, COD_TIPO, COD_FABRICANTE) values ('768596722', '489839364', '361054743', '284148830');--
--insert into PROJECT.ITEM_ELECTRONICA (COD_ITEM_ELECT, COD_BIB, COD_TIPO, COD_FABRICANTE) values ('117548760', '489839364', '361054743', '484659799');
--insert into PROJECT.ITEM_ELECTRONICA (COD_ITEM_ELECT, COD_BIB, COD_TIPO, COD_FABRICANTE) values ('172984605', '489839364', '361054743', '484659799');--
--insert into PROJECT.ITEM_ELECTRONICA (COD_ITEM_ELECT, COD_BIB, COD_TIPO, COD_FABRICANTE) values ('579030503', '489839364', '361054743', '194385028');
--insert into PROJECT.ITEM_ELECTRONICA (COD_ITEM_ELECT, COD_BIB, COD_TIPO, COD_FABRICANTE) values ('937384268', '489839364', '361054743', '194385028');--
--insert into PROJECT.ITEM_ELECTRONICA (COD_ITEM_ELECT, COD_BIB, COD_TIPO, COD_FABRICANTE) values ('161796192', '489839364', '361054743', '730602687');
--insert into PROJECT.ITEM_ELECTRONICA (COD_ITEM_ELECT, COD_BIB, COD_TIPO, COD_FABRICANTE) values ('146449088', '489839364', '361054743', '730602687');----
--insert into PROJECT.ITEM_ELECTRONICA (COD_ITEM_ELECT, COD_BIB, COD_TIPO, COD_FABRICANTE) values ('662873424', '489839364', '148959750', '464864323');
--insert into PROJECT.ITEM_ELECTRONICA (COD_ITEM_ELECT, COD_BIB, COD_TIPO, COD_FABRICANTE) values ('321772100', '489839364', '148959750', '464864323');--
--insert into PROJECT.ITEM_ELECTRONICA (COD_ITEM_ELECT, COD_BIB, COD_TIPO, COD_FABRICANTE) values ('318640219', '489839364', '148959750', '347333417');
--insert into PROJECT.ITEM_ELECTRONICA (COD_ITEM_ELECT, COD_BIB, COD_TIPO, COD_FABRICANTE) values ('133177494', '489839364', '148959750', '347333417');--
--insert into PROJECT.ITEM_ELECTRONICA (COD_ITEM_ELECT, COD_BIB, COD_TIPO, COD_FABRICANTE) values ('372482218', '489839364', '148959750', '970607372');
--insert into PROJECT.ITEM_ELECTRONICA (COD_ITEM_ELECT, COD_BIB, COD_TIPO, COD_FABRICANTE) values ('925879303', '489839364', '148959750', '970607372');--
--insert into PROJECT.ITEM_ELECTRONICA (COD_ITEM_ELECT, COD_BIB, COD_TIPO, COD_FABRICANTE) values ('327686163', '489839364', '148959750', '367811486');
--insert into PROJECT.ITEM_ELECTRONICA (COD_ITEM_ELECT, COD_BIB, COD_TIPO, COD_FABRICANTE) values ('114244766', '489839364', '148959750', '367811486');----
--insert into PROJECT.ITEM_ELECTRONICA (COD_ITEM_ELECT, COD_BIB, COD_TIPO, COD_FABRICANTE) values ('111826740', '489839364', '137127978', '902224226');
--insert into PROJECT.ITEM_ELECTRONICA (COD_ITEM_ELECT, COD_BIB, COD_TIPO, COD_FABRICANTE) values ('730260886', '489839364', '137127978', '902224226');
--insert into PROJECT.ITEM_ELECTRONICA (COD_ITEM_ELECT, COD_BIB, COD_TIPO, COD_FABRICANTE) values ('518641035', '489839364', '137127978', '902224226');--
--insert into PROJECT.ITEM_ELECTRONICA (COD_ITEM_ELECT, COD_BIB, COD_TIPO, COD_FABRICANTE) values ('997080750', '489839364', '137127978', '849817268');
--insert into PROJECT.ITEM_ELECTRONICA (COD_ITEM_ELECT, COD_BIB, COD_TIPO, COD_FABRICANTE) values ('291978042', '489839364', '137127978', '849817268');--
--insert into PROJECT.ITEM_ELECTRONICA (COD_ITEM_ELECT, COD_BIB, COD_TIPO, COD_FABRICANTE) values ('181289716', '489839364', '137127978', '437802750');
--insert into PROJECT.ITEM_ELECTRONICA (COD_ITEM_ELECT, COD_BIB, COD_TIPO, COD_FABRICANTE) values ('881368186', '489839364', '137127978', '437802750');--
--insert into PROJECT.ITEM_ELECTRONICA (COD_ITEM_ELECT, COD_BIB, COD_TIPO, COD_FABRICANTE) values ('816935559', '489839364', '137127978', '722906192');
--insert into PROJECT.ITEM_ELECTRONICA (COD_ITEM_ELECT, COD_BIB, COD_TIPO, COD_FABRICANTE) values ('512575185', '489839364', '137127978', '722906192');------


--insert into PROJECT.ITEM_PAPEL (COD_ITEM_PAPEL, COD_BIB, COD_TIPO, COD_CATEGORIA, COD_EDITORA, TITULO, EDICAO, IDIOMA, DIMENSOES, PERMISSAO, VOLUME, DATA_PUB, CLASSIFICACAO, DESCRICAO, COTA) values ('935544922', '459567487', '849125117', '860044216', '425594255','Lorem ipsum dolor sit amet, consectetuer elit.', '141', 'Hindi', 31, '1', '458', '12/30/1810', 7, 'Morbi vel lectus in quam fringilla rhoncus.', 715);
--insert into PROJECT.ITEM_PAPEL (COD_ITEM_PAPEL, COD_BIB, COD_TIPO, COD_CATEGORIA, COD_EDITORA, TITULO, EDICAO, IDIOMA, DIMENSOES, PERMISSAO, VOLUME, DATA_PUB, CLASSIFICACAO, DESCRICAO, COTA) values ('540069592', '459567487', '849125117', '860044216', '425594255','Integer non velit.', '241', 'Filipino', 99, '1', '501', '12/30/1869', 3, 'Nulla mollis molestie lorem. Quisque ut erat.', 858);
--insert into PROJECT.ITEM_PAPEL (COD_ITEM_PAPEL, COD_BIB, COD_TIPO, COD_CATEGORIA, COD_EDITORA, TITULO, EDICAO, IDIOMA, DIMENSOES, PERMISSAO, VOLUME, DATA_PUB, CLASSIFICACAO, DESCRICAO, COTA) values ('595182780', '459567487', '849125117', '543277800', '476804744','Phasellus in felis.', '223', 'Tsonga', 24, '1', '652', '07/03/1883', 4, 'Fusce consequat.', 847);
--insert into PROJECT.ITEM_PAPEL (COD_ITEM_PAPEL, COD_BIB, COD_TIPO, COD_CATEGORIA, COD_EDITORA, TITULO, EDICAO, IDIOMA, DIMENSOES, PERMISSAO, VOLUME, DATA_PUB, CLASSIFICACAO, DESCRICAO, COTA) values ('725190922', '459567487', '849125117', '543277800', '476804744','Proin risus.', '799', 'Portuguese', 57, '1', '352', '09/05/1962', 4, 'Nulla ac enim.', 520);
--insert into PROJECT.ITEM_PAPEL (COD_ITEM_PAPEL, COD_BIB, COD_TIPO, COD_CATEGORIA, COD_EDITORA, TITULO, EDICAO, IDIOMA, DIMENSOES, PERMISSAO, VOLUME, DATA_PUB, CLASSIFICACAO, DESCRICAO, COTA) values ('481665630', '459567487', '849125117', '198722418', '697620551','Varius ut, blandit e.', '213', 'Romanian', 90, '0', '217', '08/26/1956', 3, 'Cras non velit nec nisi vulputate nonummy. Maecenas tincidunt lacus at velit.', 583);
--insert into PROJECT.ITEM_PAPEL (COD_ITEM_PAPEL, COD_BIB, COD_TIPO, COD_CATEGORIA, COD_EDITORA, TITULO, EDICAO, IDIOMA, DIMENSOES, PERMISSAO, VOLUME, DATA_PUB, CLASSIFICACAO, DESCRICAO, COTA) values ('513828495', '459567487', '138269439', '198722418', '697620551','Donec dapibus.', '834', 'French', 38, '1', '565', '01/24/1862', 9, 'Nunc purus.', 40);
--insert into PROJECT.ITEM_PAPEL (COD_ITEM_PAPEL, COD_BIB, COD_TIPO, COD_CATEGORIA, COD_EDITORA, TITULO, EDICAO, IDIOMA, DIMENSOES, PERMISSAO, VOLUME, DATA_PUB, CLASSIFICACAO, DESCRICAO, COTA) values ('236334445', '459567487', '138269439', '122913963', '530032174','Vestibulum rutrum rutrum neque.', '102', 'Zulu', 63, '1', '313', '05/04/1857', 8, 'Nulla justo.', 238);
--insert into PROJECT.ITEM_PAPEL (COD_ITEM_PAPEL, COD_BIB, COD_TIPO, COD_CATEGORIA, COD_EDITORA, TITULO, EDICAO, IDIOMA, DIMENSOES, PERMISSAO, VOLUME, DATA_PUB, CLASSIFICACAO, DESCRICAO, COTA) values ('705439439', '459567487', '138269439', '122913963', '530032174','In quis justo.', '111', 'Norwegian', 91, '1', '641', '01/23/1834', 9, 'Etiam faucibus cursus urna. Ut tellus.', 754);
--insert into PROJECT.ITEM_PAPEL (COD_ITEM_PAPEL, COD_BIB, COD_TIPO, COD_CATEGORIA, COD_EDITORA, TITULO, EDICAO, IDIOMA, DIMENSOES, PERMISSAO, VOLUME, DATA_PUB, CLASSIFICACAO, DESCRICAO, COTA) values ('474268437', '459567487', '138269439', '996867209', '811171250','Vivamus vel nulla eget eros elementum pellentesque.', '630', 'Danish', 5, '1', '800', '08/24/1854', 2, 'Praesent blandit lacinia erat..', 162);
--insert into PROJECT.ITEM_PAPEL (COD_ITEM_PAPEL, COD_BIB, COD_TIPO, COD_CATEGORIA, COD_EDITORA, TITULO, EDICAO, IDIOMA, DIMENSOES, PERMISSAO, VOLUME, DATA_PUB, CLASSIFICACAO, DESCRICAO, COTA) values ('342884241', '459567487', '138269439', '996867209', '811171250','In est risus, auctor sed, tristique sem.', '461', 'Danish', 53, '1', '939', '04/27/1898', 9, 'Suspendisse potenti Cum sociis .', 390);
--insert into PROJECT.ITEM_PAPEL (COD_ITEM_PAPEL, COD_BIB, COD_TIPO, COD_CATEGORIA, COD_EDITORA, TITULO, EDICAO, IDIOMA, DIMENSOES, PERMISSAO, VOLUME, DATA_PUB, CLASSIFICACAO, DESCRICAO, COTA) values ('760647127', '459567487', '257702078', '183127204', '601876949','Sed accumsan felis.', '814', 'Finnish', 51, '1', '698', '01/17/1974', 8, 'Suspendisse accumsan tortor quis turpis. Sed ante. Vivamus tortor.', 318);
--insert into PROJECT.ITEM_PAPEL (COD_ITEM_PAPEL, COD_BIB, COD_TIPO, COD_CATEGORIA, COD_EDITORA, TITULO, EDICAO, IDIOMA, DIMENSOES, PERMISSAO, VOLUME, DATA_PUB, CLASSIFICACAO, DESCRICAO, COTA) values ('562070871', '459567487', '257702078', '183127204', '601876949','Nulla facilisi.', '529', 'Amharic', 45, '1', '487', '05/07/1891', 8, 'Pellentesque at nulla. Suspendisse potenti.', 876);
--insert into PROJECT.ITEM_PAPEL (COD_ITEM_PAPEL, COD_BIB, COD_TIPO, COD_CATEGORIA, COD_EDITORA, TITULO, EDICAO, IDIOMA, DIMENSOES, PERMISSAO, VOLUME, DATA_PUB, CLASSIFICACAO, DESCRICAO, COTA) values ('929905705', '459567487', '257702078', '759517874', '332595421','Vestibulum ante ipsum primis in faucibus.', '317', 'Romanian', 89, '1', '424', '10/03/1998', 5, 'Nulla facilisi.', 126);
--insert into PROJECT.ITEM_PAPEL (COD_ITEM_PAPEL, COD_BIB, COD_TIPO, COD_CATEGORIA, COD_EDITORA, TITULO, EDICAO, IDIOMA, DIMENSOES, PERMISSAO, VOLUME, DATA_PUB, CLASSIFICACAO, DESCRICAO, COTA) values ('374044458', '459567487', '257702078', '759517874', '332595421','Fusce posuere felis sed lacus.', '149', 'Aymara', 76, '1', '775', '12/21/1965', 6, 'Maecenas pulvinar lobortis est.', 457);
--insert into PROJECT.ITEM_PAPEL (COD_ITEM_PAPEL, COD_BIB, COD_TIPO, COD_CATEGORIA, COD_EDITORA, TITULO, EDICAO, IDIOMA, DIMENSOES, PERMISSAO, VOLUME, DATA_PUB, CLASSIFICACAO, DESCRICAO, COTA) values ('384315964', '459567487', '257702078', '924077881', '896791081','Proin eu mi.', '590', 'Dutch', 73, '1', '930', '06/03/1850', 10, 'Etiam faucibus cursus urna.', 475);
--insert into PROJECT.ITEM_PAPEL (COD_ITEM_PAPEL, COD_BIB, COD_TIPO, COD_CATEGORIA, COD_EDITORA, TITULO, EDICAO, IDIOMA, DIMENSOES, PERMISSAO, VOLUME, DATA_PUB, CLASSIFICACAO, DESCRICAO, COTA) values ('568137681', '459567487', '157582769', '924077881', '896791081','Duis bibendum, felis sed interdum venenatis.', '632', 'Malagasy', 28, '1', '937', '07/21/1977', 6, 'Vestibulum ante ipsum primis in faucibus orci luctus et ultrices posuere cubilia Curae; Nullam porttitor lacus at turpis.', 637);
--insert into PROJECT.ITEM_PAPEL (COD_ITEM_PAPEL, COD_BIB, COD_TIPO, COD_CATEGORIA, COD_EDITORA, TITULO, EDICAO, IDIOMA, DIMENSOES, PERMISSAO, VOLUME, DATA_PUB, CLASSIFICACAO, DESCRICAO, COTA) values ('309442507', '459567487', '157582769', '491229858', '815034592','In hac habitasse platea dictumst.', '585', 'Yiddish', 79, '0', '465', '07/23/1801', 5, 'Aliquam erat volutpat. In congue.', 645);
--insert into PROJECT.ITEM_PAPEL (COD_ITEM_PAPEL, COD_BIB, COD_TIPO, COD_CATEGORIA, COD_EDITORA, TITULO, EDICAO, IDIOMA, DIMENSOES, PERMISSAO, VOLUME, DATA_PUB, CLASSIFICACAO, DESCRICAO, COTA) values ('452982806', '459567487', '157582769', '491229858', '815034592','Nam dui.', '938', 'Dutch', 25, '1', '326', '01/05/1967', 8, 'Morbi odio odio, elementum eu, interdum eu, tincidunt in, leo. Maecenas pulvinar lobortis est. Phasellus sit amet erat.', 614);
--insert into PROJECT.ITEM_PAPEL (COD_ITEM_PAPEL, COD_BIB, COD_TIPO, COD_CATEGORIA, COD_EDITORA, TITULO, EDICAO, IDIOMA, DIMENSOES, PERMISSAO, VOLUME, DATA_PUB, CLASSIFICACAO, DESCRICAO, COTA) values ('782424364', '459567487', '157582769', '739752666', '182524111','Suspendisse potenti.', '754', 'Lithuanian', 48, '1', '850', '03/14/1922', 3, 'Nulla ac enim.', 760);
--insert into PROJECT.ITEM_PAPEL (COD_ITEM_PAPEL, COD_BIB, COD_TIPO, COD_CATEGORIA, COD_EDITORA, TITULO, EDICAO, IDIOMA, DIMENSOES, PERMISSAO, VOLUME, DATA_PUB, CLASSIFICACAO, DESCRICAO, COTA) values ('905555483', '459567487', '157582769', '739752666', '182524111','Phasellus id sapien in sapien iaculis congue.', '241', 'Swedish', 87, '1', '989', '10/07/1858', 9, 'In congue. Etiam justo.', 520);
--insert into PROJECT.ITEM_PAPEL (COD_ITEM_PAPEL, COD_BIB, COD_TIPO, COD_CATEGORIA, COD_EDITORA, TITULO, EDICAO, IDIOMA, DIMENSOES, PERMISSAO, VOLUME, DATA_PUB, CLASSIFICACAO, DESCRICAO, COTA) values ('478427428', '459567487', '298410535', '937259324', '467727971','Nam congue, risus semper porta volutpat.', '314', 'Pashto', 14, '1', '680', '08/11/2015', 10, 'Nam ultrices, libero non mattis pulvinar, nulla pede ullamcorper augue, a suscipit nulla elit ac nulla. Sed vel enim sit amet nunc viverra dapibus.', 432);
--insert into PROJECT.ITEM_PAPEL (COD_ITEM_PAPEL, COD_BIB, COD_TIPO, COD_CATEGORIA, COD_EDITORA, TITULO, EDICAO, IDIOMA, DIMENSOES, PERMISSAO, VOLUME, DATA_PUB, CLASSIFICACAO, DESCRICAO, COTA) values ('738502938', '459567487', '298410535', '937259324', '467727971','Aenean sit amet justo.', '327', 'Norwegian', 11, '1', '977', '04/30/1980', 9, 'Integer ac neque. Duis bibendum. Morbi non quam nec dui luctus rutrum.', 604);
--insert into PROJECT.ITEM_PAPEL (COD_ITEM_PAPEL, COD_BIB, COD_TIPO, COD_CATEGORIA, COD_EDITORA, TITULO, EDICAO, IDIOMA, DIMENSOES, PERMISSAO, VOLUME, DATA_PUB, CLASSIFICACAO, DESCRICAO, COTA) values ('702487463', '459567487', '298410535', '979586784', '323204689','Vestibulum sed magna at nunc commodo placerat.', '391', 'Bislama', 83, '1', '551', '05/02/1865', 10, 'Vestibulum ante ipsum primis in faucibus orci luctus et ultrices posuere cubilia Curae; Duis faucibus accumsan odio. Curabitur convallis.', 789);
--insert into PROJECT.ITEM_PAPEL (COD_ITEM_PAPEL, COD_BIB, COD_TIPO, COD_CATEGORIA, COD_EDITORA, TITULO, EDICAO, IDIOMA, DIMENSOES, PERMISSAO, VOLUME, DATA_PUB, CLASSIFICACAO, DESCRICAO, COTA) values ('422860399', '459567487', '298410535', '979586784', '323204689','Integer tincidunt ante vel ipsum.', '336', 'Persian', 71, '1', '813', '01/27/1900', 3, 'Mauris lacinia sapien quis libero. Nullam sit amet turpis elementum ligula vehicula consequat.', 956);
--insert into PROJECT.ITEM_PAPEL (COD_ITEM_PAPEL, COD_BIB, COD_TIPO, COD_CATEGORIA, COD_EDITORA, TITULO, EDICAO, IDIOMA, DIMENSOES, PERMISSAO, VOLUME, DATA_PUB, CLASSIFICACAO, DESCRICAO, COTA) values ('774098197', '459567487', '298410535', '805544943', '403852746','Sed ante.', '256', 'Spanish', 20, '1', '153', '03/28/1884', 7, 'Aenean auctor gravida sem. Praesent id massa id nisl venenatis lacinia.', 579);
--insert into PROJECT.ITEM_PAPEL (COD_ITEM_PAPEL, COD_BIB, COD_TIPO, COD_CATEGORIA, COD_EDITORA, TITULO, EDICAO, IDIOMA, DIMENSOES, PERMISSAO, VOLUME, DATA_PUB, CLASSIFICACAO, DESCRICAO, COTA) values ('737520164', '459567487', '659995103', '805544943', '403852746','Mauris ullamcorper purus sit amet nulla.', '167', 'Georgian', 86, '1', '316', '04/26/1980', 7, 'Integer tincidunt ante vel ipsum. Praesent blandit lacinia erat. Vestibulum sed magna at nunc commodo placerat.', 41);
--insert into PROJECT.ITEM_PAPEL (COD_ITEM_PAPEL, COD_BIB, COD_TIPO, COD_CATEGORIA, COD_EDITORA, TITULO, EDICAO, IDIOMA, DIMENSOES, PERMISSAO, VOLUME, DATA_PUB, CLASSIFICACAO, DESCRICAO, COTA) values ('524493996', '459567487', '659995103', '596761513', '282214846','Proin at turpis a pede posuere nonummy.', '465', 'Malay', 35, '1', '871', '03/10/1965', 10, 'Duis ac nibh.', 145);
--insert into PROJECT.ITEM_PAPEL (COD_ITEM_PAPEL, COD_BIB, COD_TIPO, COD_CATEGORIA, COD_EDITORA, TITULO, EDICAO, IDIOMA, DIMENSOES, PERMISSAO, VOLUME, DATA_PUB, CLASSIFICACAO, DESCRICAO, COTA) values ('138621256', '459567487', '659995103', '596761513', '282214846','Sed vel enim sit amet nunc viverra dapibus.', '807', 'Dutch', 43, '1', '346', '02/20/2015', 2, 'Pellentesque ultrices mattis odio.', 323);
--insert into PROJECT.ITEM_PAPEL (COD_ITEM_PAPEL, COD_BIB, COD_TIPO, COD_CATEGORIA, COD_EDITORA, TITULO, EDICAO, IDIOMA, DIMENSOES, PERMISSAO, VOLUME, DATA_PUB, CLASSIFICACAO, DESCRICAO, COTA) values ('249491701', '459567487', '659995103', '854170413', '974012405','Nulla ac enim.', '701', 'Indonesian', 34, '1', '175', '07/13/1893', 4, 'Suspendisse potenti. Nullam porttitor lacus at turpis. Donec posuere metus vitae ipsum.', 389);
--insert into PROJECT.ITEM_PAPEL (COD_ITEM_PAPEL, COD_BIB, COD_TIPO, COD_CATEGORIA, COD_EDITORA, TITULO, EDICAO, IDIOMA, DIMENSOES, PERMISSAO, VOLUME, DATA_PUB, CLASSIFICACAO, DESCRICAO, COTA) values ('363071222', '459567487', '659995103', '854170413', '974012405','Donec quis orci eget orci vehicula condimentum.', '982', 'MÄori', 88, '0', '519', '04/08/1822', 10, 'Mauris sit amet eros. Suspendisse accumsan tortor quis turpis.', 438);
--insert into PROJECT.ITEM_PAPEL (COD_ITEM_PAPEL, COD_BIB, COD_TIPO, COD_CATEGORIA, COD_EDITORA, TITULO, EDICAO, IDIOMA, DIMENSOES, PERMISSAO, VOLUME, DATA_PUB, CLASSIFICACAO, DESCRICAO, COTA) values ('734083479', '459567487', '532711178', '161046158', '997491239','Fusce ornare imperdiet, sapien augue.', '854', 'Nepali', 95, '0', '456', '08/03/1856', 4, 'Sed ante. Vivamus tortor. Duis mattis egestas metus.', 242);
--insert into PROJECT.ITEM_PAPEL (COD_ITEM_PAPEL, COD_BIB, COD_TIPO, COD_CATEGORIA, COD_EDITORA, TITULO, EDICAO, IDIOMA, DIMENSOES, PERMISSAO, VOLUME, DATA_PUB, CLASSIFICACAO, DESCRICAO, COTA) values ('211703536', '459567487', '532711178', '161046158', '997491239','Vivamus vel nulla eget eros elementum pellentesque.', '747', 'Tamil', 74, '1', '650', '12/24/1900', 1, 'Fusce lacus purus, lectus. Suspendisse potenti.', 289);
--insert into PROJECT.ITEM_PAPEL (COD_ITEM_PAPEL, COD_BIB, COD_TIPO, COD_CATEGORIA, COD_EDITORA, TITULO, EDICAO, IDIOMA, DIMENSOES, PERMISSAO, VOLUME, DATA_PUB, CLASSIFICACAO, DESCRICAO, COTA) values ('103433106', '459567487', '532711178', '955805865', '167943717','Proin risus.', '607', 'Danish', 45, '1', '906', '04/17/1854', 1, 'Duis bibendum, felis sed interdum venenatis, turpis enim blandit mi, in porttitor pede justo eu massa. Donec dapibus.', 865);
--insert into PROJECT.ITEM_PAPEL (COD_ITEM_PAPEL, COD_BIB, COD_TIPO, COD_CATEGORIA, COD_EDITORA, TITULO, EDICAO, IDIOMA, DIMENSOES, PERMISSAO, VOLUME, DATA_PUB, CLASSIFICACAO, DESCRICAO, COTA) values ('773432065', '459567487', '532711178', '955805865', '167943717','Nam tristique tortor eu pede.', '633', 'Thai', 52, '1', '274', '12/29/1824', 3, 'In congue. Etiam justo. Etiam pretium iaculis justo.', 888);
--insert into PROJECT.ITEM_PAPEL (COD_ITEM_PAPEL, COD_BIB, COD_TIPO, COD_CATEGORIA, COD_EDITORA, TITULO, EDICAO, IDIOMA, DIMENSOES, PERMISSAO, VOLUME, DATA_PUB, CLASSIFICACAO, DESCRICAO, COTA) values ('495779782', '459567487', '532711178', '789878371', '299025989','Praesent blandit.', '862', 'Croatian', 100, '0', '365', '06/02/1993', 8, 'In blandit ultrices enim. consectetuer adipiscing elit. Proin interdum ultrices.', 929);
--insert into PROJECT.ITEM_PAPEL (COD_ITEM_PAPEL, COD_BIB, COD_TIPO, COD_CATEGORIA, COD_EDITORA, TITULO, EDICAO, IDIOMA, DIMENSOES, PERMISSAO, VOLUME, DATA_PUB, CLASSIFICACAO, DESCRICAO, COTA) values ('838086710', '459567487', '109613135', '789878371', '299025989','Sed vel enim sit amet nunc viverra dapibus.', '436', 'Tamil', 99, '0', '392', '06/28/1862', 9, 'Ut at dolor quis odio consequat varius. Integer ac leo. Pellentesque ultrices mattis odio.', 438);
--insert into PROJECT.ITEM_PAPEL (COD_ITEM_PAPEL, COD_BIB, COD_TIPO, COD_CATEGORIA, COD_EDITORA, TITULO, EDICAO, IDIOMA, DIMENSOES, PERMISSAO, VOLUME, DATA_PUB, CLASSIFICACAO, DESCRICAO, COTA) values ('624872252', '459567487', '109613135', '575897903', '200168965','Fusce id omperdiet.', '217', 'Dzongkha', 77, '1', '955', '04/26/1857', 5, 'Aliquam in magna bibendum imperdiet. Nullam orci pede.', 588);
--insert into PROJECT.ITEM_PAPEL (COD_ITEM_PAPEL, COD_BIB, COD_TIPO, COD_CATEGORIA, COD_EDITORA, TITULO, EDICAO, IDIOMA, DIMENSOES, PERMISSAO, VOLUME, DATA_PUB, CLASSIFICACAO, DESCRICAO, COTA) values ('915872171', '459567487', '109613135', '575897903', '200168965','Nulla suscipit ligula in lacus.', '694', 'Danish', 8, '0', '613', '04/10/1902', 4, 'Vestibulum ante ipsum primis in faucibus orci luctus et ultrices posuere.', 59);
--insert into PROJECT.ITEM_PAPEL (COD_ITEM_PAPEL, COD_BIB, COD_TIPO, COD_CATEGORIA, COD_EDITORA, TITULO, EDICAO, IDIOMA, DIMENSOES, PERMISSAO, VOLUME, DATA_PUB, CLASSIFICACAO, DESCRICAO, COTA) values ('905939611', '459567487', '109613135', '248903715', '177309404','Nam tristique tortor eu pede.', '948', 'Dzongkha', 22, '1', '121', '04/15/1887', 4, 'Phasellus in felis.', 238);
--insert into PROJECT.ITEM_PAPEL (COD_ITEM_PAPEL, COD_BIB, COD_TIPO, COD_CATEGORIA, COD_EDITORA, TITULO, EDICAO, IDIOMA, DIMENSOES, PERMISSAO, VOLUME, DATA_PUB, CLASSIFICACAO, DESCRICAO, COTA) values ('606330592', '459567487', '109613135', '248903715', '177309404','Duis aliquam convallis nunc.', '772', 'Amharic', 15, '0', '249', '02/21/1854', 5, 'Nulla neque libero, convallis eget, eleifend luctus, ultricies eu, nibh. Dignissim vestibulum.', 585);
--insert into PROJECT.ITEM_PAPEL (COD_ITEM_PAPEL, COD_BIB, COD_TIPO, COD_CATEGORIA, COD_EDITORA, TITULO, EDICAO, IDIOMA, DIMENSOES, PERMISSAO, VOLUME, DATA_PUB, CLASSIFICACAO, DESCRICAO, COTA) values ('644793412', '459567487', '120795219', '860044216', '425594255','Phasellus sit amet erat.', '963', 'Malagasy', 83, '1', '329', '03/02/1958', 10, 'Nulla tempus. Vivamus in felis eu sapien cursus vestibulum.', 487);
--insert into PROJECT.ITEM_PAPEL (COD_ITEM_PAPEL, COD_BIB, COD_TIPO, COD_CATEGORIA, COD_EDITORA, TITULO, EDICAO, IDIOMA, DIMENSOES, PERMISSAO, VOLUME, DATA_PUB, CLASSIFICACAO, DESCRICAO, COTA) values ('854498402', '459567487', '120795219', '860044216', '476804744','Vestibulum ante ipsum primis in faucibus orci.', '542', 'Malay', 49, '1', '674', '05/06/1891', 1, 'Nam ultrices, libero non mattis pulvinar, nulla pede ullamcorper augue, a suscipit nulla elit ac nulla.', 781);
--insert into PROJECT.ITEM_PAPEL (COD_ITEM_PAPEL, COD_BIB, COD_TIPO, COD_CATEGORIA, COD_EDITORA, TITULO, EDICAO, IDIOMA, DIMENSOES, PERMISSAO, VOLUME, DATA_PUB, CLASSIFICACAO, DESCRICAO, COTA) values ('426140206', '459567487', '120795219', '543277800', '697620551','Aliquam erat volutpat.', '461', 'Croatian', 11, '1', '143', '06/20/1903', 6, 'Praesent lectus.', 884);
--insert into PROJECT.ITEM_PAPEL (COD_ITEM_PAPEL, COD_BIB, COD_TIPO, COD_CATEGORIA, COD_EDITORA, TITULO, EDICAO, IDIOMA, DIMENSOES, PERMISSAO, VOLUME, DATA_PUB, CLASSIFICACAO, DESCRICAO, COTA) values ('316388775', '459567487', '120795219', '543277800', '530032174','Curabitur in libero ut massa volutpat convallis.', '175', 'Malay', 77, '1', '639', '04/15/1859', 9, 'Suspendisse ornare consequat lectus.', 822);
--insert into PROJECT.ITEM_PAPEL (COD_ITEM_PAPEL, COD_BIB, COD_TIPO, COD_CATEGORIA, COD_EDITORA, TITULO, EDICAO, IDIOMA, DIMENSOES, PERMISSAO, VOLUME, DATA_PUB, CLASSIFICACAO, DESCRICAO, COTA) values ('400679020', '459567487', '120795219', '198722418', '811171250','Curabitur gravida nisi at nibh.', '722', 'Kannada', 12, '1', '718', '09/12/1990', 3, 'In quis justo.', 839);
--insert into PROJECT.ITEM_PAPEL (COD_ITEM_PAPEL, COD_BIB, COD_TIPO, COD_CATEGORIA, COD_EDITORA, TITULO, EDICAO, IDIOMA, DIMENSOES, PERMISSAO, VOLUME, DATA_PUB, CLASSIFICACAO, DESCRICAO, COTA) values ('515312293', '459567487', '764917029', '198722418', '601876949','Duis bibendum.', '378', 'Tetum', 17, '1', '522', '03/16/1831', 7, 'Quisque arcu libero, rutrum ac, lobortis vel, dapibus at, diam.', 693);
--insert into PROJECT.ITEM_PAPEL (COD_ITEM_PAPEL, COD_BIB, COD_TIPO, COD_CATEGORIA, COD_EDITORA, TITULO, EDICAO, IDIOMA, DIMENSOES, PERMISSAO, VOLUME, DATA_PUB, CLASSIFICACAO, DESCRICAO, COTA) values ('854093326', '459567487', '764917029', '122913963', '332595421','Morbi sem mauris, laoreet ut.', '570', 'Romanian', 76, '1', '336', '09/25/1947', 2, 'Lorem ipsum dolor sit amet, consectetuer adipiscing elit. Proin interdum mauris non ligula pellentesque ultrices.', 871);
--insert into PROJECT.ITEM_PAPEL (COD_ITEM_PAPEL, COD_BIB, COD_TIPO, COD_CATEGORIA, COD_EDITORA, TITULO, EDICAO, IDIOMA, DIMENSOES, PERMISSAO, VOLUME, DATA_PUB, CLASSIFICACAO, DESCRICAO, COTA) values ('954500504', '459567487', '764917029', '122913963', '332595421','Nunc nisl.', '668', 'Tsonga', 5, '1', '346', '12/07/1961', 7, 'Etiam faucibus cursus urna. Ut tellus. Nulla ut erat id mauris vulputate elementum.', 17);
--insert into PROJECT.ITEM_PAPEL (COD_ITEM_PAPEL, COD_BIB, COD_TIPO, COD_CATEGORIA, COD_EDITORA, TITULO, EDICAO, IDIOMA, DIMENSOES, PERMISSAO, VOLUME, DATA_PUB, CLASSIFICACAO, DESCRICAO, COTA) values ('284952329', '459567487', '764917029', '996867209', '332595421','Vivamus tortor.', '722', 'Danish', 16, '1', '139', '03/31/1979', 6, 'Aliquam erat volutpat. In congue. Etiam justo.', 27);
--insert into PROJECT.ITEM_PAPEL (COD_ITEM_PAPEL, COD_BIB, COD_TIPO, COD_CATEGORIA, COD_EDITORA, TITULO, EDICAO, IDIOMA, DIMENSOES, PERMISSAO, VOLUME, DATA_PUB, CLASSIFICACAO, DESCRICAO, COTA) values ('148179869', '459567487', '764917029', '996867209', '332595421','Nulla mollis molestie lorem.', '204', 'Punjabi', 84, '1', '238', '10/23/1891', 7, 'Lorem ipsum dolor sit amet, consectetuer adipiscing elit.', 794);


--insert into PROJECT.LEITOR (COD_LEITOR, ID_PESSOA, COD_BIB, USERNAME, PASS, DATA_EXPIRO, DATA_REGISTO) values ('227908645', '441919746', '459567487', 'lgomez0', 'Rkd1l9fqFG', '08/21/2016', '01/21/2001');
--insert into PROJECT.LEITOR (COD_LEITOR, ID_PESSOA, COD_BIB, USERNAME, PASS, DATA_EXPIRO, DATA_REGISTO) values ('302312732', '491883998', '459567487', 'jwest1', 'X7xd7msXtuA', '09/22/2016', '12/07/1861');
--insert into PROJECT.LEITOR (COD_LEITOR, ID_PESSOA, COD_BIB, USERNAME, PASS, DATA_EXPIRO, DATA_REGISTO) values ('608686896', '267237535', '459567487', 'rrussell2', '686SIBF71l', '06/06/2016', '11/02/1900');
--insert into PROJECT.LEITOR (COD_LEITOR, ID_PESSOA, COD_BIB, USERNAME, PASS, DATA_EXPIRO, DATA_REGISTO) values ('667367785', '580741102', '459567487', 'bchavez3', 'CK8JYAEWMw3', '01/09/2016', '04/12/1905');
--insert into PROJECT.LEITOR (COD_LEITOR, ID_PESSOA, COD_BIB, USERNAME, PASS, DATA_EXPIRO, DATA_REGISTO) values ('662330998', '184180146', '459567487', 'cflores4', 'sCEXgeBVTS', '04/16/2016', '07/30/1960');
--insert into PROJECT.LEITOR (COD_LEITOR, ID_PESSOA, COD_BIB, USERNAME, PASS, DATA_EXPIRO, DATA_REGISTO) values ('228780187', '990340907', '459567487', 'carnold5', '5A11KgSLW', '03/12/2016', '02/16/1858');
--insert into PROJECT.LEITOR (COD_LEITOR, ID_PESSOA, COD_BIB, USERNAME, PASS, DATA_EXPIRO, DATA_REGISTO) values ('232076691', '105336450', '459567487', 'ebaker6', 'pDm8xdo', '02/24/2016', '06/22/1926');
--insert into PROJECT.LEITOR (COD_LEITOR, ID_PESSOA, COD_BIB, USERNAME, PASS, DATA_EXPIRO, DATA_REGISTO) values ('834306825', '272855322', '459567487', 'landerson7', 'UZqoGmisc4L3', '02/01/2016', '12/20/1869');
--insert into PROJECT.LEITOR (COD_LEITOR, ID_PESSOA, COD_BIB, USERNAME, PASS, DATA_EXPIRO, DATA_REGISTO) values ('866705474', '391741047', '459567487', 'dberry8', 'c6hBGwszA8j', '09/08/2016', '03/18/2006');
--insert into PROJECT.LEITOR (COD_LEITOR, ID_PESSOA, COD_BIB, USERNAME, PASS, DATA_EXPIRO, DATA_REGISTO) values ('301813036', '490106845', '459567487', 'jpayne9', 'rW1P10OuW', '02/27/2016', '07/29/1947');
--insert into PROJECT.LEITOR (COD_LEITOR, ID_PESSOA, COD_BIB, USERNAME, PASS, DATA_EXPIRO, DATA_REGISTO) values ('154013758', '841679860', '459567487', 'gstanleya', 'BbzlRgR', '10/17/2016', '06/14/1853');
--insert into PROJECT.LEITOR (COD_LEITOR, ID_PESSOA, COD_BIB, USERNAME, PASS, DATA_EXPIRO, DATA_REGISTO) values ('259857626', '756813072', '459567487', 'kfisherb', 'H6X4Cr', '04/27/2016', '10/11/1964');
--insert into PROJECT.LEITOR (COD_LEITOR, ID_PESSOA, COD_BIB, USERNAME, PASS, DATA_EXPIRO, DATA_REGISTO) values ('963067031', '124284077', '459567487', 'ehicksc', 'LgjNAcN', '09/18/2016', '03/29/1879');
--insert into PROJECT.LEITOR (COD_LEITOR, ID_PESSOA, COD_BIB, USERNAME, PASS, DATA_EXPIRO, DATA_REGISTO) values ('759695863', '781474013', '459567487', 'celliottd', '5KRVtgGc', '08/05/2016', '08/04/1989');
--insert into PROJECT.LEITOR (COD_LEITOR, ID_PESSOA, COD_BIB, USERNAME, PASS, DATA_EXPIRO, DATA_REGISTO) values ('430852166', '333962698', '459567487', 'mfrankline', 'jH6ClGLFs', '09/26/2016', '09/16/1859');
--insert into PROJECT.LEITOR (COD_LEITOR, ID_PESSOA, COD_BIB, USERNAME, PASS, DATA_EXPIRO, DATA_REGISTO) values ('990413114', '519286205', '459567487', 'aelliottf', '8mFtc2Rbnxg', '08/17/2016', '09/06/1909');
--insert into PROJECT.LEITOR (COD_LEITOR, ID_PESSOA, COD_BIB, USERNAME, PASS, DATA_EXPIRO, DATA_REGISTO) values ('948625606', '372763458', '459567487', 'sgordong', '7usxz8XuTklt', '05/06/2016', '01/21/1860');
--insert into PROJECT.LEITOR (COD_LEITOR, ID_PESSOA, COD_BIB, USERNAME, PASS, DATA_EXPIRO, DATA_REGISTO) values ('607663372', '802297841', '459567487', 'ascotth', 'r3qBwA1K0YOw', '01/27/2016', '07/28/1978');
--insert into PROJECT.LEITOR (COD_LEITOR, ID_PESSOA, COD_BIB, USERNAME, PASS, DATA_EXPIRO, DATA_REGISTO) values ('870237713', '139615259', '459567487', 'msullivani', 'J3asgPfcqiqP', '09/10/2016', '09/01/1993');
--insert into PROJECT.LEITOR (COD_LEITOR, ID_PESSOA, COD_BIB, USERNAME, PASS, DATA_EXPIRO, DATA_REGISTO) values ('964701048', '147099555', '459567487', 'wjenkinsj', 'Vvm7MpXkB', '07/17/2016', '09/27/1974');
--insert into PROJECT.LEITOR (COD_LEITOR, ID_PESSOA, COD_BIB, USERNAME, PASS, DATA_EXPIRO, DATA_REGISTO) values ('460862688', '952837109', '459567487', 'baustink', 'fJNb3U4lOtu', '10/09/2016', '04/06/1877');
--insert into PROJECT.LEITOR (COD_LEITOR, ID_PESSOA, COD_BIB, USERNAME, PASS, DATA_EXPIRO, DATA_REGISTO) values ('733663422', '609654325', '459567487', 'rstonel', '9lJEwS', '05/30/2016', '12/23/1888');
--insert into PROJECT.LEITOR (COD_LEITOR, ID_PESSOA, COD_BIB, USERNAME, PASS, DATA_EXPIRO, DATA_REGISTO) values ('608583108', '246904955', '459567487', 'dcastillom', '5vYjUhvzO', '06/28/2016', '06/01/1995');
--insert into PROJECT.LEITOR (COD_LEITOR, ID_PESSOA, COD_BIB, USERNAME, PASS, DATA_EXPIRO, DATA_REGISTO) values ('889890685', '750342510', '459567487', 'ahartn', 'xMLyjqc7kh', '02/28/2016', '12/27/1972');
--insert into PROJECT.LEITOR (COD_LEITOR, ID_PESSOA, COD_BIB, USERNAME, PASS, DATA_EXPIRO, DATA_REGISTO) values ('587939284', '515892031', '459567487', 'jmeyero', 'pt628fYkG', '09/04/2016', '06/06/1907');
--insert into PROJECT.LEITOR (COD_LEITOR, ID_PESSOA, COD_BIB, USERNAME, PASS, DATA_EXPIRO, DATA_REGISTO) values ('190570745', '414860473', '489839364', 'fcoxp', 'ODBiGcJPE', '01/13/2016', '10/06/1860');
--insert into PROJECT.LEITOR (COD_LEITOR, ID_PESSOA, COD_BIB, USERNAME, PASS, DATA_EXPIRO, DATA_REGISTO) values ('163029281', '617656271', '489839364', 'nwheelerq', '7k7nAdwUNDYi', '06/03/2016', '03/11/1940');
--insert into PROJECT.LEITOR (COD_LEITOR, ID_PESSOA, COD_BIB, USERNAME, PASS, DATA_EXPIRO, DATA_REGISTO) values ('809959621', '452715189', '489839364', 'dhowardr', '8k2Dd7Y6L', '08/04/2016', '01/16/1956');
--insert into PROJECT.LEITOR (COD_LEITOR, ID_PESSOA, COD_BIB, USERNAME, PASS, DATA_EXPIRO, DATA_REGISTO) values ('521999502', '601552756', '489839364', 'sromeros', 'L4S3K3CwMVSJ', '05/25/2016', '12/13/1861');
--insert into PROJECT.LEITOR (COD_LEITOR, ID_PESSOA, COD_BIB, USERNAME, PASS, DATA_EXPIRO, DATA_REGISTO) values ('462878572', '313308189', '489839364', 'abrownt', 'RiDWOu', '08/15/2016', '12/23/1988');
--insert into PROJECT.LEITOR (COD_LEITOR, ID_PESSOA, COD_BIB, USERNAME, PASS, DATA_EXPIRO, DATA_REGISTO) values ('905894828', '402184576', '489839364', 'kwallaceu', 'b2QpPm7lZxte', '02/24/2016', '09/21/1976');
--insert into PROJECT.LEITOR (COD_LEITOR, ID_PESSOA, COD_BIB, USERNAME, PASS, DATA_EXPIRO, DATA_REGISTO) values ('743127384', '180004583', '489839364', 'crosev', 'DIQ4HwPvGo8', '10/30/2016', '03/17/2006');
--insert into PROJECT.LEITOR (COD_LEITOR, ID_PESSOA, COD_BIB, USERNAME, PASS, DATA_EXPIRO, DATA_REGISTO) values ('116676296', '895663527', '489839364', 'lmorenow', 'NMzdg9VvS9uS', '12/06/2016', '03/08/1951');
--insert into PROJECT.LEITOR (COD_LEITOR, ID_PESSOA, COD_BIB, USERNAME, PASS, DATA_EXPIRO, DATA_REGISTO) values ('954191055', '908549264', '489839364', 'alexanderx', 'wsI2RYCl', '02/12/2016', '06/30/1960');
--insert into PROJECT.LEITOR (COD_LEITOR, ID_PESSOA, COD_BIB, USERNAME, PASS, DATA_EXPIRO, DATA_REGISTO) values ('729520530', '151004571', '489839364', 'eperryy', 'Dxt7l2lQ1P', '09/19/2016', '03/07/1876');
--insert into PROJECT.LEITOR (COD_LEITOR, ID_PESSOA, COD_BIB, USERNAME, PASS, DATA_EXPIRO, DATA_REGISTO) values ('736230371', '578795511', '489839364', 'sturnerz', 'elzcmZ0Ix', '03/21/2016', '01/10/1921');
--insert into PROJECT.LEITOR (COD_LEITOR, ID_PESSOA, COD_BIB, USERNAME, PASS, DATA_EXPIRO, DATA_REGISTO) values ('780967420', '265010656', '489839364', 'rgray10', 'YmO1iBkE2lhR', '09/03/2016', '01/29/1909');
--insert into PROJECT.LEITOR (COD_LEITOR, ID_PESSOA, COD_BIB, USERNAME, PASS, DATA_EXPIRO, DATA_REGISTO) values ('665407084', '972972052', '489839364', 'jpatterson', '4mQxQeb', '11/14/2016', '07/23/1986');
--insert into PROJECT.LEITOR (COD_LEITOR, ID_PESSOA, COD_BIB, USERNAME, PASS, DATA_EXPIRO, DATA_REGISTO) values ('287970127', '680406729', '489839364', 'aarmstrong', '95lELZKBLS0', '02/18/2016', '10/25/1925');
--insert into PROJECT.LEITOR (COD_LEITOR, ID_PESSOA, COD_BIB, USERNAME, PASS, DATA_EXPIRO, DATA_REGISTO) values ('297686702', '997481689', '489839364', 'cfuller13', 'WTQeJz9HJSRp', '05/22/2016', '11/22/1944');
--insert into PROJECT.LEITOR (COD_LEITOR, ID_PESSOA, COD_BIB, USERNAME, PASS, DATA_EXPIRO, DATA_REGISTO) values ('985293354', '843278434', '489839364', 'swarren14', 'IN46dIrOvg', '05/06/2016', '03/09/1931');
--insert into PROJECT.LEITOR (COD_LEITOR, ID_PESSOA, COD_BIB, USERNAME, PASS, DATA_EXPIRO, DATA_REGISTO) values ('586079881', '333197406', '489839364', 'pwallace15', '3o3CqEq', '04/16/2016', '08/01/1918');
--insert into PROJECT.LEITOR (COD_LEITOR, ID_PESSOA, COD_BIB, USERNAME, PASS, DATA_EXPIRO, DATA_REGISTO) values ('699378278', '523471419', '489839364', 'nstevens16', 'sTGbrWg', '09/29/2016', '11/11/1991');
--insert into PROJECT.LEITOR (COD_LEITOR, ID_PESSOA, COD_BIB, USERNAME, PASS, DATA_EXPIRO, DATA_REGISTO) values ('124468179', '761979844', '489839364', 'kbanks17', 'SoNhHMB', '09/11/2016', '11/06/1911');
--insert into PROJECT.LEITOR (COD_LEITOR, ID_PESSOA, COD_BIB, USERNAME, PASS, DATA_EXPIRO, DATA_REGISTO) values ('654589800', '236988641', '489839364', 'lcox18', '7F49gZ7sg7JC', '10/07/2016', '08/19/1943');
--insert into PROJECT.LEITOR (COD_LEITOR, ID_PESSOA, COD_BIB, USERNAME, PASS, DATA_EXPIRO, DATA_REGISTO) values ('853961188', '324074478', '489839364', 'jhenry19', 'EKyUhv2frAB', '09/03/2016', '06/25/1940');
--insert into PROJECT.LEITOR (COD_LEITOR, ID_PESSOA, COD_BIB, USERNAME, PASS, DATA_EXPIRO, DATA_REGISTO) values ('537059759', '263666164', '489839364', 'cjohnson1a', 'mUEefOGR', '05/22/2016', '01/21/1942');
--insert into PROJECT.LEITOR (COD_LEITOR, ID_PESSOA, COD_BIB, USERNAME, PASS, DATA_EXPIRO, DATA_REGISTO) values ('506040594', '363374564', '489839364', 'kgarrett1b', 'bjevpL', '02/19/2016', '02/19/1992');
--insert into PROJECT.LEITOR (COD_LEITOR, ID_PESSOA, COD_BIB, USERNAME, PASS, DATA_EXPIRO, DATA_REGISTO) values ('455246060', '478186472', '489839364', 'pcoleman1c', 'xuyWIhww0z', '06/13/2016', '07/03/1920');
--insert into PROJECT.LEITOR (COD_LEITOR, ID_PESSOA, COD_BIB, USERNAME, PASS, DATA_EXPIRO, DATA_REGISTO) values ('240422150', '994752041', '489839364', 'rfox1d', 'Un7NJ8yoRsPF', '04/02/2016', '09/24/1889');


--insert into PROJECT.BIBLIOTECARIO (COD_BIBLIOTECARIO, ID_PESSOA, COD_BIB, SALARY, USERNAME, PASS) values ('963576156', '798094900', '459567487', '684.13', 'jclark0', 'uF6ipEkA');
--insert into PROJECT.BIBLIOTECARIO (COD_BIBLIOTECARIO, ID_PESSOA, COD_BIB, SALARY, USERNAME, PASS) values ('324838887', '561768970', '459567487', '934.37', 'kruiz1', 'IRPd5FsV77Y');
--insert into PROJECT.BIBLIOTECARIO (COD_BIBLIOTECARIO, ID_PESSOA, COD_BIB, SALARY, USERNAME, PASS) values ('318454647', '511464150', '459567487', '401.56', 'cfields2', 'rTV8OZNDKx2');
--insert into PROJECT.BIBLIOTECARIO (COD_BIBLIOTECARIO, ID_PESSOA, COD_BIB, SALARY, USERNAME, PASS) values ('648972074', '139318281', '459567487', '1668.07', 'kcampbell3', 'Hz5MSqtPWcOh');
--insert into PROJECT.BIBLIOTECARIO (COD_BIBLIOTECARIO, ID_PESSOA, COD_BIB, SALARY, USERNAME, PASS) values ('539986331', '350228737', '459567487', '270.54', 'kphillips4', 'jCmxE0Ac');
--insert into PROJECT.BIBLIOTECARIO (COD_BIBLIOTECARIO, ID_PESSOA, COD_BIB, SALARY, USERNAME, PASS) values ('776419502', '563444976', '459567487', '811.06', 'jchapman5', 'eHD5OM');
--insert into PROJECT.BIBLIOTECARIO (COD_BIBLIOTECARIO, ID_PESSOA, COD_BIB, SALARY, USERNAME, PASS) values ('673735110', '220659110', '459567487', '1695.55', 'nromero6', 'yTbboHeejxWf');
--insert into PROJECT.BIBLIOTECARIO (COD_BIBLIOTECARIO, ID_PESSOA, COD_BIB, SALARY, USERNAME, PASS) values ('295317920', '468876375', '459567487', '241.81', 'bevans7', 'H4vfNy4VO');
--insert into PROJECT.BIBLIOTECARIO (COD_BIBLIOTECARIO, ID_PESSOA, COD_BIB, SALARY, USERNAME, PASS) values ('976509722', '240962038', '459567487', '424.74', 'pmccoy8', 'KVMarC');
--insert into PROJECT.BIBLIOTECARIO (COD_BIBLIOTECARIO, ID_PESSOA, COD_BIB, SALARY, USERNAME, PASS) values ('114931833', '846057983', '459567487', '1412.47', 'jbrooks9', 'xf38XYak');
--insert into PROJECT.BIBLIOTECARIO (COD_BIBLIOTECARIO, ID_PESSOA, COD_BIB, SALARY, USERNAME, PASS) values ('192304120', '564662865', '489839364', '1409.94', 'pramireza', 'N5f2eB0O');
--insert into PROJECT.BIBLIOTECARIO (COD_BIBLIOTECARIO, ID_PESSOA, COD_BIB, SALARY, USERNAME, PASS) values ('205633644', '882480385', '489839364', '1210.56', 'bbellb', '2JvpUjNlkI');
--insert into PROJECT.BIBLIOTECARIO (COD_BIBLIOTECARIO, ID_PESSOA, COD_BIB, SALARY, USERNAME, PASS) values ('174767727', '360365593', '489839364', '1427.14', 'pkellyc', '8nMsGlU');
--insert into PROJECT.BIBLIOTECARIO (COD_BIBLIOTECARIO, ID_PESSOA, COD_BIB, SALARY, USERNAME, PASS) values ('527956630', '528721713', '489839364', '317.94', 'aolsond', 'MRRgP1vMz00l');
--insert into PROJECT.BIBLIOTECARIO (COD_BIBLIOTECARIO, ID_PESSOA, COD_BIB, SALARY, USERNAME, PASS) values ('418070000', '112754140', '489839364', '1935.91', 'aduncane', 'nExEIhVpXZ3');
--insert into PROJECT.BIBLIOTECARIO (COD_BIBLIOTECARIO, ID_PESSOA, COD_BIB, SALARY, USERNAME, PASS) values ('288175200', '232116579', '489839364', '1314.43', 'vkingf', 'DtsYFPRa');
--insert into PROJECT.BIBLIOTECARIO (COD_BIBLIOTECARIO, ID_PESSOA, COD_BIB, SALARY, USERNAME, PASS) values ('245885021', '127109022', '489839364', '141.27', 'rlarsong', 'bo0GrEMl');
--insert into PROJECT.BIBLIOTECARIO (COD_BIBLIOTECARIO, ID_PESSOA, COD_BIB, SALARY, USERNAME, PASS) values ('464720217', '171119050', '489839364', '1915.01', 'hrichard', '9NSulU');
--insert into PROJECT.BIBLIOTECARIO (COD_BIBLIOTECARIO, ID_PESSOA, COD_BIB, SALARY, USERNAME, PASS) values ('818333566', '336580096', '489839364', '841.68', 'fbutleri', 'eTjYQVeazE7U');
--insert into PROJECT.BIBLIOTECARIO (COD_BIBLIOTECARIO, ID_PESSOA, COD_BIB, SALARY, USERNAME, PASS) values ('156531779', '188068612', '489839364', '1086.14', 'kwatsonj', 'Otzjw2nMn');

--insert into PROJECT.ITEM_PAPEL_AUTOR (COD_ITEM_PAPEL, COD_AUTOR) values ('935544922', '164344875');
--insert into PROJECT.ITEM_PAPEL_AUTOR (COD_ITEM_PAPEL, COD_AUTOR) values ('540069592', '164344875');
--insert into PROJECT.ITEM_PAPEL_AUTOR (COD_ITEM_PAPEL, COD_AUTOR) values ('595182780', '950623714');
--insert into PROJECT.ITEM_PAPEL_AUTOR (COD_ITEM_PAPEL, COD_AUTOR) values ('725190922', '950623714');
--insert into PROJECT.ITEM_PAPEL_AUTOR (COD_ITEM_PAPEL, COD_AUTOR) values ('481665630', '330561587');
--insert into PROJECT.ITEM_PAPEL_AUTOR (COD_ITEM_PAPEL, COD_AUTOR) values ('513828495', '330561587');
--insert into PROJECT.ITEM_PAPEL_AUTOR (COD_ITEM_PAPEL, COD_AUTOR) values ('236334445', '651401707');
--insert into PROJECT.ITEM_PAPEL_AUTOR (COD_ITEM_PAPEL, COD_AUTOR) values ('705439439', '651401707');
--insert into PROJECT.ITEM_PAPEL_AUTOR (COD_ITEM_PAPEL, COD_AUTOR) values ('474268437', '192989535');
--insert into PROJECT.ITEM_PAPEL_AUTOR (COD_ITEM_PAPEL, COD_AUTOR) values ('342884241', '192989535');
--insert into PROJECT.ITEM_PAPEL_AUTOR (COD_ITEM_PAPEL, COD_AUTOR) values ('760647127', '850260593');
--insert into PROJECT.ITEM_PAPEL_AUTOR (COD_ITEM_PAPEL, COD_AUTOR) values ('562070871', '850260593');
--insert into PROJECT.ITEM_PAPEL_AUTOR (COD_ITEM_PAPEL, COD_AUTOR) values ('929905705', '273080549');
--insert into PROJECT.ITEM_PAPEL_AUTOR (COD_ITEM_PAPEL, COD_AUTOR) values ('374044458', '273080549');
--insert into PROJECT.ITEM_PAPEL_AUTOR (COD_ITEM_PAPEL, COD_AUTOR) values ('384315964', '945985228');
--insert into PROJECT.ITEM_PAPEL_AUTOR (COD_ITEM_PAPEL, COD_AUTOR) values ('568137681', '945985228');
--insert into PROJECT.ITEM_PAPEL_AUTOR (COD_ITEM_PAPEL, COD_AUTOR) values ('309442507', '143168977');
--insert into PROJECT.ITEM_PAPEL_AUTOR (COD_ITEM_PAPEL, COD_AUTOR) values ('452982806', '143168977');
--insert into PROJECT.ITEM_PAPEL_AUTOR (COD_ITEM_PAPEL, COD_AUTOR) values ('782424364', '918298736');
--insert into PROJECT.ITEM_PAPEL_AUTOR (COD_ITEM_PAPEL, COD_AUTOR) values ('905555483', '918298736');
--insert into PROJECT.ITEM_PAPEL_AUTOR (COD_ITEM_PAPEL, COD_AUTOR) values ('478427428', '414599518');
--insert into PROJECT.ITEM_PAPEL_AUTOR (COD_ITEM_PAPEL, COD_AUTOR) values ('738502938', '414599518');
--insert into PROJECT.ITEM_PAPEL_AUTOR (COD_ITEM_PAPEL, COD_AUTOR) values ('702487463', '632133582');
--insert into PROJECT.ITEM_PAPEL_AUTOR (COD_ITEM_PAPEL, COD_AUTOR) values ('422860399', '632133582');
--insert into PROJECT.ITEM_PAPEL_AUTOR (COD_ITEM_PAPEL, COD_AUTOR) values ('774098197', '778081660');
--insert into PROJECT.ITEM_PAPEL_AUTOR (COD_ITEM_PAPEL, COD_AUTOR) values ('737520164', '778081660');
--insert into PROJECT.ITEM_PAPEL_AUTOR (COD_ITEM_PAPEL, COD_AUTOR) values ('524493996', '260902387');
--insert into PROJECT.ITEM_PAPEL_AUTOR (COD_ITEM_PAPEL, COD_AUTOR) values ('138621256', '260902387');
--insert into PROJECT.ITEM_PAPEL_AUTOR (COD_ITEM_PAPEL, COD_AUTOR) values ('249491701', '186408685');
--insert into PROJECT.ITEM_PAPEL_AUTOR (COD_ITEM_PAPEL, COD_AUTOR) values ('363071222', '186408685');
--insert into PROJECT.ITEM_PAPEL_AUTOR (COD_ITEM_PAPEL, COD_AUTOR) values ('734083479', '681207145');
--insert into PROJECT.ITEM_PAPEL_AUTOR (COD_ITEM_PAPEL, COD_AUTOR) values ('211703536', '681207145');
--insert into PROJECT.ITEM_PAPEL_AUTOR (COD_ITEM_PAPEL, COD_AUTOR) values ('103433106', '201046426');
--insert into PROJECT.ITEM_PAPEL_AUTOR (COD_ITEM_PAPEL, COD_AUTOR) values ('773432065', '201046426');
--insert into PROJECT.ITEM_PAPEL_AUTOR (COD_ITEM_PAPEL, COD_AUTOR) values ('495779782', '624217038');
--insert into PROJECT.ITEM_PAPEL_AUTOR (COD_ITEM_PAPEL, COD_AUTOR) values ('838086710', '624217038');
--insert into PROJECT.ITEM_PAPEL_AUTOR (COD_ITEM_PAPEL, COD_AUTOR) values ('624872252', '106851922');
--insert into PROJECT.ITEM_PAPEL_AUTOR (COD_ITEM_PAPEL, COD_AUTOR) values ('915872171', '106851922');
--insert into PROJECT.ITEM_PAPEL_AUTOR (COD_ITEM_PAPEL, COD_AUTOR) values ('905939611', '693809173');
--insert into PROJECT.ITEM_PAPEL_AUTOR (COD_ITEM_PAPEL, COD_AUTOR) values ('606330592', '693809173');
--insert into PROJECT.ITEM_PAPEL_AUTOR (COD_ITEM_PAPEL, COD_AUTOR) values ('644793412', '164344875');
--insert into PROJECT.ITEM_PAPEL_AUTOR (COD_ITEM_PAPEL, COD_AUTOR) values ('854498402', '950623714');
--insert into PROJECT.ITEM_PAPEL_AUTOR (COD_ITEM_PAPEL, COD_AUTOR) values ('426140206', '330561587');
--insert into PROJECT.ITEM_PAPEL_AUTOR (COD_ITEM_PAPEL, COD_AUTOR) values ('316388775', '651401707');
--insert into PROJECT.ITEM_PAPEL_AUTOR (COD_ITEM_PAPEL, COD_AUTOR) values ('400679020', '192989535');
--insert into PROJECT.ITEM_PAPEL_AUTOR (COD_ITEM_PAPEL, COD_AUTOR) values ('515312293', '850260593');
--insert into PROJECT.ITEM_PAPEL_AUTOR (COD_ITEM_PAPEL, COD_AUTOR) values ('854093326', '273080549');
--insert into PROJECT.ITEM_PAPEL_AUTOR (COD_ITEM_PAPEL, COD_AUTOR) values ('954500504', '945985228');
--insert into PROJECT.ITEM_PAPEL_AUTOR (COD_ITEM_PAPEL, COD_AUTOR) values ('284952329', '143168977');
--insert into PROJECT.ITEM_PAPEL_AUTOR (COD_ITEM_PAPEL, COD_AUTOR) values ('148179869', '918298736');

--insert into PROJECT.REQUISICAO_ITEM_ELECT (COD_REQUISICAO, COD_ITEM_ELECT, COD_LEITOR, MARCACAO, DURACAO, INICIO) values ('885542777', '528563785', '227908645', '11/2/2017', 35, '13:37');
--insert into PROJECT.REQUISICAO_ITEM_ELECT (COD_REQUISICAO, COD_ITEM_ELECT, COD_LEITOR, MARCACAO, DURACAO, INICIO) values ('327801819', '871049416', '302312732', '1/7/2017', 14, '14:35');
--insert into PROJECT.REQUISICAO_ITEM_ELECT (COD_REQUISICAO, COD_ITEM_ELECT, COD_LEITOR, MARCACAO, DURACAO, INICIO) values ('102245170', '128273770', '608686896', '9/17/2017', 43, '9:26');
--insert into PROJECT.REQUISICAO_ITEM_ELECT (COD_REQUISICAO, COD_ITEM_ELECT, COD_LEITOR, MARCACAO, DURACAO, INICIO) values ('872787427', '136708691', '667367785', '6/4/2018', 12, '10:29');
--insert into PROJECT.REQUISICAO_ITEM_ELECT (COD_REQUISICAO, COD_ITEM_ELECT, COD_LEITOR, MARCACAO, DURACAO, INICIO) values ('642401061', '288779722', '662330998', '7/28/2020', 22, '10:06');
--insert into PROJECT.REQUISICAO_ITEM_ELECT (COD_REQUISICAO, COD_ITEM_ELECT, COD_LEITOR, MARCACAO, DURACAO, INICIO) values ('865719118', '646549126', '228780187', '11/24/2050', 30, '12:00');
--insert into PROJECT.REQUISICAO_ITEM_ELECT (COD_REQUISICAO, COD_ITEM_ELECT, COD_LEITOR, MARCACAO, DURACAO, INICIO) values ('735467773', '995536498', '232076691', '4/24/2019', 60, '14:18');
--insert into PROJECT.REQUISICAO_ITEM_ELECT (COD_REQUISICAO, COD_ITEM_ELECT, COD_LEITOR, MARCACAO, DURACAO, INICIO) values ('530557849', '891229258', '834306825', '7/23/2030', 29, '15:12');
--insert into PROJECT.REQUISICAO_ITEM_ELECT (COD_REQUISICAO, COD_ITEM_ELECT, COD_LEITOR, MARCACAO, DURACAO, INICIO) values ('120391257', '429053157', '866705474', '3/1/2016', 34, '17:08');
--insert into PROJECT.REQUISICAO_ITEM_ELECT (COD_REQUISICAO, COD_ITEM_ELECT, COD_LEITOR, MARCACAO, DURACAO, INICIO) values ('642244475', '408959641', '301813036', '5/9/2017', 49, '16:24');
--insert into PROJECT.REQUISICAO_ITEM_ELECT (COD_REQUISICAO, COD_ITEM_ELECT, COD_LEITOR, MARCACAO, DURACAO, INICIO) values ('469243235', '476320588', '154013758', '4/23/2017', 38, '11:15');
--insert into PROJECT.REQUISICAO_ITEM_ELECT (COD_REQUISICAO, COD_ITEM_ELECT, COD_LEITOR, MARCACAO, DURACAO, INICIO) values ('948637972', '167995771', '259857626', '10/11/2020', 55, '13:02');
--insert into PROJECT.REQUISICAO_ITEM_ELECT (COD_REQUISICAO, COD_ITEM_ELECT, COD_LEITOR, MARCACAO, DURACAO, INICIO) values ('744117229', '201764688', '963067031', '10/15/2021', 44, '12:57');
--insert into PROJECT.REQUISICAO_ITEM_ELECT (COD_REQUISICAO, COD_ITEM_ELECT, COD_LEITOR, MARCACAO, DURACAO, INICIO) values ('531299056', '851701837', '759695863', '11/23/2022', 19, '11:33');
--insert into PROJECT.REQUISICAO_ITEM_ELECT (COD_REQUISICAO, COD_ITEM_ELECT, COD_LEITOR, MARCACAO, DURACAO, INICIO) values ('231225442', '111641958', '430852166', '5/18/2023', 58, '13:09');
--insert into PROJECT.REQUISICAO_ITEM_ELECT (COD_REQUISICAO, COD_ITEM_ELECT, COD_LEITOR, MARCACAO, DURACAO, INICIO) values ('147256547', '330899467', '990413114', '10/19/2024', 56, '12:23');
--insert into PROJECT.REQUISICAO_ITEM_ELECT (COD_REQUISICAO, COD_ITEM_ELECT, COD_LEITOR, MARCACAO, DURACAO, INICIO) values ('121421215', '593999042', '948625606', '12/19/2025', 13, '14:37');
--insert into PROJECT.REQUISICAO_ITEM_ELECT (COD_REQUISICAO, COD_ITEM_ELECT, COD_LEITOR, MARCACAO, DURACAO, INICIO) values ('384020467', '194412290', '607663372', '2/1/2026', 53, '15:35');
--insert into PROJECT.REQUISICAO_ITEM_ELECT (COD_REQUISICAO, COD_ITEM_ELECT, COD_LEITOR, MARCACAO, DURACAO, INICIO) values ('100813037', '655169812', '870237713', '9/4/2027', 37, '16:05');
--insert into PROJECT.REQUISICAO_ITEM_ELECT (COD_REQUISICAO, COD_ITEM_ELECT, COD_LEITOR, MARCACAO, DURACAO, INICIO) values ('971799882', '455291402', '964701048', '6/15/2028', 20, '14:55');
--insert into PROJECT.REQUISICAO_ITEM_ELECT (COD_REQUISICAO, COD_ITEM_ELECT, COD_LEITOR, MARCACAO, DURACAO, INICIO) values ('324302552', '181595344', '190570745', '2/27/2029', 27, '10:26');
--insert into PROJECT.REQUISICAO_ITEM_ELECT (COD_REQUISICAO, COD_ITEM_ELECT, COD_LEITOR, MARCACAO, DURACAO, INICIO) values ('897545608', '768596722', '163029281', '1/5/2030', 38, '15:21');
--insert into PROJECT.REQUISICAO_ITEM_ELECT (COD_REQUISICAO, COD_ITEM_ELECT, COD_LEITOR, MARCACAO, DURACAO, INICIO) values ('101858355', '117548760', '809959621', '4/16/2031', 36, '16:37');
--insert into PROJECT.REQUISICAO_ITEM_ELECT (COD_REQUISICAO, COD_ITEM_ELECT, COD_LEITOR, MARCACAO, DURACAO, INICIO) values ('234196449', '172984605', '521999502', '6/26/2032', 46, '17:56');
--insert into PROJECT.REQUISICAO_ITEM_ELECT (COD_REQUISICAO, COD_ITEM_ELECT, COD_LEITOR, MARCACAO, DURACAO, INICIO) values ('821298977', '579030503', '462878572', '3/23/2020', 38, '11:00');
--insert into PROJECT.REQUISICAO_ITEM_ELECT (COD_REQUISICAO, COD_ITEM_ELECT, COD_LEITOR, MARCACAO, DURACAO, INICIO) values ('138978020', '937384268', '905894828', '10/25/2021', 48, '13:44');
--insert into PROJECT.REQUISICAO_ITEM_ELECT (COD_REQUISICAO, COD_ITEM_ELECT, COD_LEITOR, MARCACAO, DURACAO, INICIO) values ('418731905', '161796192', '743127384', '06/06/2016', 44, '14:38');
--insert into PROJECT.REQUISICAO_ITEM_ELECT (COD_REQUISICAO, COD_ITEM_ELECT, COD_LEITOR, MARCACAO, DURACAO, INICIO) values ('805572414', '146449088', '116676296', '3/8/2019', 14, '16:41');
--insert into PROJECT.REQUISICAO_ITEM_ELECT (COD_REQUISICAO, COD_ITEM_ELECT, COD_LEITOR, MARCACAO, DURACAO, INICIO) values ('310911442', '662873424', '954191055', '7/29/2018', 39, '16:54');
--insert into PROJECT.REQUISICAO_ITEM_ELECT (COD_REQUISICAO, COD_ITEM_ELECT, COD_LEITOR, MARCACAO, DURACAO, INICIO) values ('780536431', '321772100', '729520530', '6/6/2018', 35, '10:30');
--insert into PROJECT.REQUISICAO_ITEM_ELECT (COD_REQUISICAO, COD_ITEM_ELECT, COD_LEITOR, MARCACAO, DURACAO, INICIO) values ('206079729', '318640219', '736230371', '9/8/2016', 36, '15:07');
--insert into PROJECT.REQUISICAO_ITEM_ELECT (COD_REQUISICAO, COD_ITEM_ELECT, COD_LEITOR, MARCACAO, DURACAO, INICIO) values ('809147608', '133177494', '780967420', '3/23/2017', 34, '13:19');
--insert into PROJECT.REQUISICAO_ITEM_ELECT (COD_REQUISICAO, COD_ITEM_ELECT, COD_LEITOR, MARCACAO, DURACAO, INICIO) values ('114401327', '372482218', '665407084', '5/28/2020', 56, '13:54');
--insert into PROJECT.REQUISICAO_ITEM_ELECT (COD_REQUISICAO, COD_ITEM_ELECT, COD_LEITOR, MARCACAO, DURACAO, INICIO) values ('360509174', '925879303', '287970127', '10/9/2018', 47, '16:42');
--insert into PROJECT.REQUISICAO_ITEM_ELECT (COD_REQUISICAO, COD_ITEM_ELECT, COD_LEITOR, MARCACAO, DURACAO, INICIO) values ('652398281', '327686163', '297686702', '8/8/2026', 19, '14:37');
--insert into PROJECT.REQUISICAO_ITEM_ELECT (COD_REQUISICAO, COD_ITEM_ELECT, COD_LEITOR, MARCACAO, DURACAO, INICIO) values ('664130272', '114244766', '985293354', '8/29/2090', 46, '14:28');
--insert into PROJECT.REQUISICAO_ITEM_ELECT (COD_REQUISICAO, COD_ITEM_ELECT, COD_LEITOR, MARCACAO, DURACAO, INICIO) values ('187735734', '111826740', '586079881', '9/5/2080', 42, '14:57');
--insert into PROJECT.REQUISICAO_ITEM_ELECT (COD_REQUISICAO, COD_ITEM_ELECT, COD_LEITOR, MARCACAO, DURACAO, INICIO) values ('283690214', '730260886', '699378278', '3/3/2070', 50, '11:56');
--insert into PROJECT.REQUISICAO_ITEM_ELECT (COD_REQUISICAO, COD_ITEM_ELECT, COD_LEITOR, MARCACAO, DURACAO, INICIO) values ('238534086', '518641035', '124468179', '8/30/2089', 37, '12:53');
--insert into PROJECT.REQUISICAO_ITEM_ELECT (COD_REQUISICAO, COD_ITEM_ELECT, COD_LEITOR, MARCACAO, DURACAO, INICIO) values ('332773971', '997080750', '654589800', '8/25/2016', 35, '10:35');

----delete from project.REQUISICAO_ITEM_PAPEL
--insert into PROJECT.REQUISICAO_ITEM_PAPEL (COD_REQUISICAO, COD_ITEM_PAPEL, COD_LEITOR, DATA_REQUISICAO, DT_EN_REAL, DT_EN_PREVISTA, MULTA) values ('332731373', '774098197', '227908645', '06/07/2017', '06/08/2017', '06/08/2017', 63.57);
--insert into PROJECT.REQUISICAO_ITEM_PAPEL (COD_REQUISICAO, COD_ITEM_PAPEL, COD_LEITOR, DATA_REQUISICAO, DT_EN_REAL, DT_EN_PREVISTA, MULTA) values ('334740166', '540069592', '302312732', '06/04/2017', '06/07/2017', '06/06/2017', 63.0);
--insert into PROJECT.REQUISICAO_ITEM_PAPEL (COD_REQUISICAO, COD_ITEM_PAPEL, COD_LEITOR, DATA_REQUISICAO, DT_EN_REAL, DT_EN_PREVISTA, MULTA) values ('245211704', '595182780', '608686896', '08/07/2017', '09/06/2017', '08/09/2017', 18.34);
--insert into PROJECT.REQUISICAO_ITEM_PAPEL (COD_REQUISICAO, COD_ITEM_PAPEL, COD_LEITOR, DATA_REQUISICAO, DT_EN_REAL, DT_EN_PREVISTA, MULTA) values ('211446992', '725190922', '667367785', '10/08/2017', '11/11/2017', '11/11/2017', 0);
--insert into PROJECT.REQUISICAO_ITEM_PAPEL (COD_REQUISICAO, COD_ITEM_PAPEL, COD_LEITOR, DATA_REQUISICAO, DT_EN_REAL, DT_EN_PREVISTA, MULTA) values ('407022463', '481665630', '662330998', '11/12/2017', '12/20/2017', '12/28/2017', 0);
--insert into PROJECT.REQUISICAO_ITEM_PAPEL (COD_REQUISICAO, COD_ITEM_PAPEL, COD_LEITOR, DATA_REQUISICAO, DT_EN_REAL, DT_EN_PREVISTA, MULTA) values ('975554302', '513828495', '228780187', '04/07/2017', '12/07/2017', '12/07/2017', 75.04);
--insert into PROJECT.REQUISICAO_ITEM_PAPEL (COD_REQUISICAO, COD_ITEM_PAPEL, COD_LEITOR, DATA_REQUISICAO, DT_EN_REAL, DT_EN_PREVISTA, MULTA) values ('116947853', '774098197', '430852166', '02/20/2017', '03/29/2017', '03/17/2017', 71.69);
--insert into PROJECT.REQUISICAO_ITEM_PAPEL (COD_REQUISICAO, COD_ITEM_PAPEL, COD_LEITOR, DATA_REQUISICAO, DT_EN_REAL, DT_EN_PREVISTA, MULTA) values ('199724756', '725190922', '232076691', '04/21/2017', '04/27/2017', '04/27/2017', 36.44);
--insert into PROJECT.REQUISICAO_ITEM_PAPEL (COD_REQUISICAO, COD_ITEM_PAPEL, COD_LEITOR, DATA_REQUISICAO, DT_EN_REAL, DT_EN_PREVISTA, MULTA) values ('279853609', '474268437', '834306825', '02/18/2017', '03/21/2017', '02/28/2017', 71.58);
--insert into PROJECT.REQUISICAO_ITEM_PAPEL (COD_REQUISICAO, COD_ITEM_PAPEL, COD_LEITOR, DATA_REQUISICAO, DT_EN_REAL, DT_EN_PREVISTA, MULTA) values ('490788598', '342884241', '866705474', '12/12/2017', '12/28/2017', '12/20/2017', 33.67);
--insert into PROJECT.REQUISICAO_ITEM_PAPEL (COD_REQUISICAO, COD_ITEM_PAPEL, COD_LEITOR, DATA_REQUISICAO, DT_EN_REAL, DT_EN_PREVISTA, MULTA) values ('306629962', '760647127', '301813036', '09/10/2017', '10/17/2017', '12/17/2017', 79.43);
--insert into PROJECT.REQUISICAO_ITEM_PAPEL (COD_REQUISICAO, COD_ITEM_PAPEL, COD_LEITOR, DATA_REQUISICAO, DT_EN_REAL, DT_EN_PREVISTA, MULTA) values ('280562866', '774098197', '154013758', '07/7/2017', '08/08/2017', '09/09/2017', 30.11);
--insert into PROJECT.REQUISICAO_ITEM_PAPEL (COD_REQUISICAO, COD_ITEM_PAPEL, COD_LEITOR, DATA_REQUISICAO, DT_EN_REAL, DT_EN_PREVISTA, MULTA) values ('777110308', '929905705', '259857626', '01/20/2017', '01/30/2017', '01/28/2017', 5.34);
--insert into PROJECT.REQUISICAO_ITEM_PAPEL (COD_REQUISICAO, COD_ITEM_PAPEL, COD_LEITOR, DATA_REQUISICAO, DT_EN_REAL, DT_EN_PREVISTA, MULTA) values ('293041481', '374044458', '963067031', '03/25/2017', '03/29/2017', '06/02/2017', 80.7);
--insert into PROJECT.REQUISICAO_ITEM_PAPEL (COD_REQUISICAO, COD_ITEM_PAPEL, COD_LEITOR, DATA_REQUISICAO, DT_EN_REAL, DT_EN_PREVISTA, MULTA) values ('116915680', '384315964', '759695863', '09/20/2017', '10/15/2017', '11/03/2017', 46.09);
--insert into PROJECT.REQUISICAO_ITEM_PAPEL (COD_REQUISICAO, COD_ITEM_PAPEL, COD_LEITOR, DATA_REQUISICAO, DT_EN_REAL, DT_EN_PREVISTA, MULTA) values ('445874605', '568137681', '430852166', '05/11/2017', '06/06/2017', '07/24/2017', 47.94);
--insert into PROJECT.REQUISICAO_ITEM_PAPEL (COD_REQUISICAO, COD_ITEM_PAPEL, COD_LEITOR, DATA_REQUISICAO, DT_EN_REAL, DT_EN_PREVISTA, MULTA) values ('119548139', '725190922', '990413114', '06/12/2017', '08/12/2017', '09/12/2017', 44.58);
--insert into PROJECT.REQUISICAO_ITEM_PAPEL (COD_REQUISICAO, COD_ITEM_PAPEL, COD_LEITOR, DATA_REQUISICAO, DT_EN_REAL, DT_EN_PREVISTA, MULTA) values ('765930905', '452982806', '948625606', '12/11/2017', '12/20/2017', '12/23/2017', 67.56);
--insert into PROJECT.REQUISICAO_ITEM_PAPEL (COD_REQUISICAO, COD_ITEM_PAPEL, COD_LEITOR, DATA_REQUISICAO, DT_EN_REAL, DT_EN_PREVISTA, MULTA) values ('177423380', '774098197', '607663372', '02/16/2017', '04/07/2017', '05/12/2017', 0);
--insert into PROJECT.REQUISICAO_ITEM_PAPEL (COD_REQUISICAO, COD_ITEM_PAPEL, COD_LEITOR, DATA_REQUISICAO, DT_EN_REAL, DT_EN_PREVISTA, MULTA) values ('623166273', '905555483', '870237713', '10/26/2017', '12/26/2017', '11/26/2017', 62.15);
--insert into PROJECT.REQUISICAO_ITEM_PAPEL (COD_REQUISICAO, COD_ITEM_PAPEL, COD_LEITOR, DATA_REQUISICAO, DT_EN_REAL, DT_EN_PREVISTA, MULTA) values ('120423148', '478427428', '964701048', '01/04/2017', '01/30/2017', '03/27/2017', 0);
--insert into PROJECT.REQUISICAO_ITEM_PAPEL (COD_REQUISICAO, COD_ITEM_PAPEL, COD_LEITOR, DATA_REQUISICAO, DT_EN_REAL, DT_EN_PREVISTA, MULTA) values ('425729761', '738502938', '460862688', '08/08/2017', '09/14/2017', '10/16/2017', 18.59);
--insert into PROJECT.REQUISICAO_ITEM_PAPEL (COD_REQUISICAO, COD_ITEM_PAPEL, COD_LEITOR, DATA_REQUISICAO, DT_EN_REAL, DT_EN_PREVISTA, MULTA) values ('148050624', '702487463', '733663422', '09/28/2017', '01/28/2017', '10/14/2017', 47.27);
--insert into PROJECT.REQUISICAO_ITEM_PAPEL (COD_REQUISICAO, COD_ITEM_PAPEL, COD_LEITOR, DATA_REQUISICAO, DT_EN_REAL, DT_EN_PREVISTA, MULTA) values ('554693151', '774098197', '608583108', '05/06/2017', '10/19/2017', '11/07/2017', 0);
--insert into PROJECT.REQUISICAO_ITEM_PAPEL (COD_REQUISICAO, COD_ITEM_PAPEL, COD_LEITOR, DATA_REQUISICAO, DT_EN_REAL, DT_EN_PREVISTA, MULTA) values ('182095056', '774098197', '889890685', '04/17/2017', '08/02/2017', '08/28/2017', 88.06);
--insert into PROJECT.REQUISICAO_ITEM_PAPEL (COD_REQUISICAO, COD_ITEM_PAPEL, COD_LEITOR, DATA_REQUISICAO, DT_EN_REAL, DT_EN_PREVISTA, MULTA) values ('835601911', '737520164', '587939284', '02/26/2017', '03/17/2017', '04/18/2017', 0);
--insert into PROJECT.REQUISICAO_ITEM_PAPEL (COD_REQUISICAO, COD_ITEM_PAPEL, COD_LEITOR, DATA_REQUISICAO, DT_EN_REAL, DT_EN_PREVISTA, MULTA) values ('658757791', '725190922', '227908645', '04/12/2017', '5/10/2017', '4/15/2017', 35.33);
--insert into PROJECT.REQUISICAO_ITEM_PAPEL (COD_REQUISICAO, COD_ITEM_PAPEL, COD_LEITOR, DATA_REQUISICAO, DT_EN_REAL, DT_EN_PREVISTA, MULTA) values ('271064641', '138621256', '302312732', '06/25/2017', '06/30/2017', '07/05/2017', 79.26);
--insert into PROJECT.REQUISICAO_ITEM_PAPEL (COD_REQUISICAO, COD_ITEM_PAPEL, COD_LEITOR, DATA_REQUISICAO, DT_EN_REAL, DT_EN_PREVISTA, MULTA) values ('111832679', '249491701', '608686896', '05/30/2017', '09/28/2017', '10/04/2017', 36.36);
--insert into PROJECT.REQUISICAO_ITEM_PAPEL (COD_REQUISICAO, COD_ITEM_PAPEL, COD_LEITOR, DATA_REQUISICAO, DT_EN_REAL, DT_EN_PREVISTA, MULTA) values ('687395111', '363071222', '667367785', '07/23/2017', '08/31/2017', '09/29/2017', 59.26);
--insert into PROJECT.REQUISICAO_ITEM_PAPEL (COD_REQUISICAO, COD_ITEM_PAPEL, COD_LEITOR, DATA_REQUISICAO, DT_EN_REAL, DT_EN_PREVISTA, MULTA) values ('789855016', '734083479', '662330998', '03/09/2017', '03/20/2017', '03/10/2017', 0);
--insert into PROJECT.REQUISICAO_ITEM_PAPEL (COD_REQUISICAO, COD_ITEM_PAPEL, COD_LEITOR, DATA_REQUISICAO, DT_EN_REAL, DT_EN_PREVISTA, MULTA) values ('578022134', '211703536', '228780187', '11/27/2017', '12/06/2017', '12/28/2017', 0);
--insert into PROJECT.REQUISICAO_ITEM_PAPEL (COD_REQUISICAO, COD_ITEM_PAPEL, COD_LEITOR, DATA_REQUISICAO, DT_EN_REAL, DT_EN_PREVISTA, MULTA) values ('116333630', '103433106', '232076691', '06/21/2017', '08/13/2017', '08/05/2017', 28.13);
--insert into PROJECT.REQUISICAO_ITEM_PAPEL (COD_REQUISICAO, COD_ITEM_PAPEL, COD_LEITOR, DATA_REQUISICAO, DT_EN_REAL, DT_EN_PREVISTA, MULTA) values ('909310818', '773432065', '834306825', '12/09/2017', '12/10/2017', '12/15/2017', 22.68);
--insert into PROJECT.REQUISICAO_ITEM_PAPEL (COD_REQUISICAO, COD_ITEM_PAPEL, COD_LEITOR, DATA_REQUISICAO, DT_EN_REAL, DT_EN_PREVISTA, MULTA) values ('556994110', '495779782', '866705474', '06/08/2017', '07/30/2017', '09/22/2017', 65.36);
--insert into PROJECT.REQUISICAO_ITEM_PAPEL (COD_REQUISICAO, COD_ITEM_PAPEL, COD_LEITOR, DATA_REQUISICAO, DT_EN_REAL, DT_EN_PREVISTA, MULTA) values ('668604732', '838086710', '301813036', '12/20/2017', '12/28/2017', '12/25/2017', 0);
--insert into PROJECT.REQUISICAO_ITEM_PAPEL (COD_REQUISICAO, COD_ITEM_PAPEL, COD_LEITOR, DATA_REQUISICAO, DT_EN_REAL, DT_EN_PREVISTA, MULTA) values ('543161673', '624872252', '154013758', '09/19/2017', '10/02/2017', '10/01/2017', 99.15);
--insert into PROJECT.REQUISICAO_ITEM_PAPEL (COD_REQUISICAO, COD_ITEM_PAPEL, COD_LEITOR, DATA_REQUISICAO, DT_EN_REAL, DT_EN_PREVISTA, MULTA) values ('916268069', '915872171', '259857626', '03/11/2017', '05/11/2017', '04/07/2017', 82.57);
--insert into PROJECT.REQUISICAO_ITEM_PAPEL (COD_REQUISICAO, COD_ITEM_PAPEL, COD_LEITOR, DATA_REQUISICAO, DT_EN_REAL, DT_EN_PREVISTA, MULTA) values ('165601835', '905939611', '963067031', '09/01/2017', '09/14/2017', '09/12/2017', 8.98);
--insert into PROJECT.REQUISICAO_ITEM_PAPEL (COD_REQUISICAO, COD_ITEM_PAPEL, COD_LEITOR, DATA_REQUISICAO, DT_EN_REAL, DT_EN_PREVISTA, MULTA) values ('777777777', '400679020', '759695863', '06/06/2017', '06/07/2017', '06/07/2017', 0);


